lesson_id,course_id,grade,subject,course_day,unit_number,unit_title,day_in_unit,title,phase,focus,evidence_type,standards
ma-g3-mathematics-u01-l01,ma-g3-mathematics,3,mathematics,1,1,"Mathematical Habits, Place Value, and Rounding",1,Launch and diagnostic: making sense of unfamiliar problems,Launch and diagnostic,making sense of unfamiliar problems,instruction,MP.1;MP.3
ma-g3-mathematics-u01-l02,ma-g3-mathematics,3,mathematics,2,1,"Mathematical Habits, Place Value, and Rounding",2,Concept build A: the place-value structure of three-digit numbers,Concept build A,the place-value structure of three-digit numbers,instruction,3.NBT.1;MP.6;MP.7
ma-g3-mathematics-u01-l03,ma-g3-mathematics,3,mathematics,3,1,"Mathematical Habits, Place Value, and Rounding",3,Concept build B: locating three-digit numbers on an open number line,Concept build B,locating three-digit numbers on an open number line,instruction,3.NBT.1;MP.6
ma-g3-mathematics-u01-l04,ma-g3-mathematics,3,mathematics,4,1,"Mathematical Habits, Place Value, and Rounding",4,Guided practice A: rounding to the nearest ten,Guided practice A,rounding to the nearest ten,guided-practice,3.NBT.1
ma-g3-mathematics-u01-l05,ma-g3-mathematics,3,mathematics,5,1,"Mathematical Habits, Place Value, and Rounding",5,Independent evidence A: rounding to the nearest hundred,Independent evidence A,rounding to the nearest hundred,independent-evidence,3.NBT.1
ma-g3-mathematics-u01-l06,ma-g3-mathematics,3,mathematics,6,1,"Mathematical Habits, Place Value, and Rounding",6,"Concept build C: addition within 1,000 by decomposing place values",Concept build C,"addition within 1,000 by decomposing place values",instruction,3.NBT.2;MP.6
ma-g3-mathematics-u01-l07,ma-g3-mathematics,3,mathematics,7,1,"Mathematical Habits, Place Value, and Rounding",7,Guided practice B: addition with regrouping across place values,Guided practice B,addition with regrouping across place values,guided-practice,3.NBT.2
ma-g3-mathematics-u01-l08,ma-g3-mathematics,3,mathematics,8,1,"Mathematical Habits, Place Value, and Rounding",8,Error analysis and repair: regrouping errors in written addition,Error analysis and repair,regrouping errors in written addition,guided-practice,3.NBT.2;MP.3
ma-g3-mathematics-u01-l09,ma-g3-mathematics,3,mathematics,9,1,"Mathematical Habits, Place Value, and Rounding",9,"Retrieval and fluency: addition within 1,000",Retrieval and fluency,"addition within 1,000",retrieval,3.NBT.2
ma-g3-mathematics-u01-l10,ma-g3-mathematics,3,mathematics,10,1,"Mathematical Habits, Place Value, and Rounding",10,"Independent evidence B: subtraction within 1,000 by decomposing place values",Independent evidence B,"subtraction within 1,000 by decomposing place values",independent-evidence,3.NBT.2
ma-g3-mathematics-u01-l11,ma-g3-mathematics,3,mathematics,11,1,"Mathematical Habits, Place Value, and Rounding",11,Concept extension: subtraction with regrouping across zeros,Concept extension,subtraction with regrouping across zeros,instruction,3.NBT.2;MP.1
ma-g3-mathematics-u01-l12,ma-g3-mathematics,3,mathematics,12,1,"Mathematical Habits, Place Value, and Rounding",12,Applied problem solving: choosing between an exact answer and an estimate,Applied problem solving,choosing between an exact answer and an estimate,independent-evidence,3.NBT.1;3.NBT.2;MP.3
ma-g3-mathematics-u01-l13,ma-g3-mathematics,3,mathematics,13,1,"Mathematical Habits, Place Value, and Rounding",13,Performance task: plan: the Number Sense Toolkit,Performance task: plan,the Number Sense Toolkit,project,3.NBT.1;3.NBT.2;MP.1
ma-g3-mathematics-u01-l14,ma-g3-mathematics,3,mathematics,14,1,"Mathematical Habits, Place Value, and Rounding",14,Performance task: build: worked examples with reasonableness checks,Performance task: build,worked examples with reasonableness checks,project,3.NBT.1;3.NBT.2;MP.3
ma-g3-mathematics-u01-l15,ma-g3-mathematics,3,mathematics,15,1,"Mathematical Habits, Place Value, and Rounding",15,"Synthesis and review: place value, rounding, addition, and subtraction",Synthesis and review,"place value, rounding, addition, and subtraction",retrieval,3.NBT.1;3.NBT.2
ma-g3-mathematics-u01-l16,ma-g3-mathematics,3,mathematics,16,1,"Mathematical Habits, Place Value, and Rounding",16,"Unit assessment: rounding and computation within 1,000",Unit assessment,"rounding and computation within 1,000",assessment,3.NBT.1;3.NBT.2;MP.3;MP.6
ma-g3-mathematics-u01-l17,ma-g3-mathematics,3,mathematics,17,1,"Mathematical Habits, Place Value, and Rounding",17,Targeted correction and reassessment: rounding and regrouping,Targeted correction and reassessment,rounding and regrouping,reassessment,3.NBT.1;3.NBT.2
ma-g3-mathematics-u01-l18,ma-g3-mathematics,3,mathematics,18,1,"Mathematical Habits, Place Value, and Rounding",18,"Transfer, reflection, and publication: estimating and checking in everyday situations","Transfer, reflection, and publication",estimating and checking in everyday situations,independent-evidence,3.NBT.1;MP.1;MP.4
ma-g3-mathematics-u02-l01,ma-g3-mathematics,3,mathematics,19,2,Meanings of Multiplication and Division,1,Launch and diagnostic: noticing equal groups in everyday situations,Launch and diagnostic,noticing equal groups in everyday situations,instruction,3.OA.1;MP.1
ma-g3-mathematics-u02-l02,ma-g3-mathematics,3,mathematics,20,2,Meanings of Multiplication and Division,2,Concept build A: multiplication as a count of equal groups,Concept build A,multiplication as a count of equal groups,instruction,3.OA.1
ma-g3-mathematics-u02-l03,ma-g3-mathematics,3,mathematics,21,2,Meanings of Multiplication and Division,3,"Concept build B: arrays, rows, and columns as multiplication models",Concept build B,"arrays, rows, and columns as multiplication models",instruction,3.OA.1;MP.6
ma-g3-mathematics-u02-l04,ma-g3-mathematics,3,mathematics,22,2,Meanings of Multiplication and Division,4,Guided practice A: writing multiplication equations from models,Guided practice A,writing multiplication equations from models,guided-practice,3.OA.1
ma-g3-mathematics-u02-l05,ma-g3-mathematics,3,mathematics,23,2,Meanings of Multiplication and Division,5,Independent evidence A: interpreting products in context,Independent evidence A,interpreting products in context,independent-evidence,3.OA.1
ma-g3-mathematics-u02-l06,ma-g3-mathematics,3,mathematics,24,2,Meanings of Multiplication and Division,6,Concept build C: division as sharing a total into equal groups,Concept build C,division as sharing a total into equal groups,instruction,3.OA.2
ma-g3-mathematics-u02-l07,ma-g3-mathematics,3,mathematics,25,2,Meanings of Multiplication and Division,7,Guided practice B: division as measuring out groups of a known size,Guided practice B,division as measuring out groups of a known size,guided-practice,3.OA.2
ma-g3-mathematics-u02-l08,ma-g3-mathematics,3,mathematics,26,2,Meanings of Multiplication and Division,8,Error analysis and repair: group-size versus group-count errors,Error analysis and repair,group-size versus group-count errors,guided-practice,3.OA.1;3.OA.2;3.OA.3;MP.3
ma-g3-mathematics-u02-l09,ma-g3-mathematics,3,mathematics,27,2,Meanings of Multiplication and Division,9,Retrieval and fluency: equal-group models,Retrieval and fluency,equal-group models,retrieval,3.OA.1;3.OA.2
ma-g3-mathematics-u02-l10,ma-g3-mathematics,3,mathematics,28,2,Meanings of Multiplication and Division,10,Independent evidence B: solving multiplication and division word problems within 100,Independent evidence B,solving multiplication and division word problems within 100,independent-evidence,3.OA.2;3.OA.3
ma-g3-mathematics-u02-l11,ma-g3-mathematics,3,mathematics,29,2,Meanings of Multiplication and Division,11,Concept extension: unknown-factor problems and fact families,Concept extension,unknown-factor problems and fact families,instruction,3.OA.4;3.OA.6
ma-g3-mathematics-u02-l12,ma-g3-mathematics,3,mathematics,30,2,Meanings of Multiplication and Division,12,Applied problem solving: multiplication and division as inverse operations,Applied problem solving,multiplication and division as inverse operations,independent-evidence,3.OA.6
ma-g3-mathematics-u02-l13,ma-g3-mathematics,3,mathematics,31,2,Meanings of Multiplication and Division,13,Performance task: plan: the Equal Groups Museum,Performance task: plan,the Equal Groups Museum,project,3.OA.1;3.OA.2;MP.4
ma-g3-mathematics-u02-l14,ma-g3-mathematics,3,mathematics,32,2,Meanings of Multiplication and Division,14,Performance task: build: exhibits with matched models and equations,Performance task: build,exhibits with matched models and equations,project,3.OA.1;3.OA.2;3.OA.3
ma-g3-mathematics-u02-l15,ma-g3-mathematics,3,mathematics,33,2,Meanings of Multiplication and Division,15,Synthesis and review: operation meanings and relationships,Synthesis and review,operation meanings and relationships,retrieval,3.OA.1;3.OA.2;3.OA.6
ma-g3-mathematics-u02-l16,ma-g3-mathematics,3,mathematics,34,2,Meanings of Multiplication and Division,16,Unit assessment: meanings of multiplication and division,Unit assessment,meanings of multiplication and division,assessment,3.OA.1;3.OA.2;3.OA.3;3.OA.6
ma-g3-mathematics-u02-l17,ma-g3-mathematics,3,mathematics,35,2,Meanings of Multiplication and Division,17,Targeted correction and reassessment: operation meaning,Targeted correction and reassessment,operation meaning,reassessment,3.OA.1;3.OA.2;3.OA.3
ma-g3-mathematics-u02-l18,ma-g3-mathematics,3,mathematics,36,2,Meanings of Multiplication and Division,18,"Transfer, reflection, and publication: choosing an operation for a new situation","Transfer, reflection, and publication",choosing an operation for a new situation,independent-evidence,3.OA.3;MP.1;MP.4
ma-g3-mathematics-u03-l01,ma-g3-mathematics,3,mathematics,37,3,Multiplication and Division Fluency Within 100,1,Launch and diagnostic: what it means for a fact to be known rather than counted,Launch and diagnostic,what it means for a fact to be known rather than counted,instruction,3.OA.7;MP.1
ma-g3-mathematics-u03-l02,ma-g3-mathematics,3,mathematics,38,3,Multiplication and Division Fluency Within 100,2,"Concept build A: doubling and the twos, fours, and eights chain",Concept build A,"doubling and the twos, fours, and eights chain",instruction,3.OA.5;3.OA.7
ma-g3-mathematics-u03-l03,ma-g3-mathematics,3,mathematics,39,3,Multiplication and Division Fluency Within 100,3,Concept build B: fives and tens from place-value patterns,Concept build B,fives and tens from place-value patterns,instruction,3.OA.5;3.OA.7
ma-g3-mathematics-u03-l04,ma-g3-mathematics,3,mathematics,40,3,Multiplication and Division Fluency Within 100,4,Guided practice A: using the commutative property to halve the fact load,Guided practice A,using the commutative property to halve the fact load,guided-practice,3.OA.5
ma-g3-mathematics-u03-l05,ma-g3-mathematics,3,mathematics,41,3,Multiplication and Division Fluency Within 100,5,Independent evidence A: deriving threes and sixes from known facts,Independent evidence A,deriving threes and sixes from known facts,independent-evidence,3.OA.5;3.OA.7
ma-g3-mathematics-u03-l06,ma-g3-mathematics,3,mathematics,42,3,Multiplication and Division Fluency Within 100,6,Concept build C: the distributive property: breaking a factor apart,Concept build C,the distributive property: breaking a factor apart,instruction,3.OA.5;MP.7
ma-g3-mathematics-u03-l07,ma-g3-mathematics,3,mathematics,43,3,Multiplication and Division Fluency Within 100,7,Guided practice B: sevens and nines using break-apart strategies,Guided practice B,sevens and nines using break-apart strategies,guided-practice,3.OA.5;3.OA.7
ma-g3-mathematics-u03-l08,ma-g3-mathematics,3,mathematics,44,3,Multiplication and Division Fluency Within 100,8,Error analysis and repair: near-miss and skip-counting errors,Error analysis and repair,near-miss and skip-counting errors,guided-practice,3.OA.7;MP.3
ma-g3-mathematics-u03-l09,ma-g3-mathematics,3,mathematics,45,3,Multiplication and Division Fluency Within 100,9,Retrieval and fluency: mixed products within 100,Retrieval and fluency,mixed products within 100,retrieval,3.OA.7
ma-g3-mathematics-u03-l10,ma-g3-mathematics,3,mathematics,46,3,Multiplication and Division Fluency Within 100,10,Independent evidence B: solving unknown-factor equations,Independent evidence B,solving unknown-factor equations,independent-evidence,3.OA.4;3.OA.6
ma-g3-mathematics-u03-l11,ma-g3-mathematics,3,mathematics,47,3,Multiplication and Division Fluency Within 100,11,Concept extension: multiplying one-digit numbers by multiples of ten,Concept extension,multiplying one-digit numbers by multiples of ten,instruction,3.OA.5;3.NBT.3
ma-g3-mathematics-u03-l12,ma-g3-mathematics,3,mathematics,48,3,Multiplication and Division Fluency Within 100,12,Applied problem solving: division facts derived from related multiplication,Applied problem solving,division facts derived from related multiplication,independent-evidence,3.OA.6;3.OA.7
ma-g3-mathematics-u03-l13,ma-g3-mathematics,3,mathematics,49,3,Multiplication and Division Fluency Within 100,13,Performance task: plan: the fact-strategy deck,Performance task: plan,the fact-strategy deck,project,3.OA.5;3.OA.7;MP.4
ma-g3-mathematics-u03-l14,ma-g3-mathematics,3,mathematics,50,3,Multiplication and Division Fluency Within 100,14,Performance task: build: strategy cards with models and checks,Performance task: build,strategy cards with models and checks,project,3.OA.5;3.OA.7
ma-g3-mathematics-u03-l15,ma-g3-mathematics,3,mathematics,51,3,Multiplication and Division Fluency Within 100,15,Synthesis and review: choosing an efficient strategy,Synthesis and review,choosing an efficient strategy,retrieval,3.OA.5;3.OA.7;3.NBT.3
ma-g3-mathematics-u03-l16,ma-g3-mathematics,3,mathematics,52,3,Multiplication and Division Fluency Within 100,16,"Unit assessment: fluency, strategy, and explanation",Unit assessment,"fluency, strategy, and explanation",assessment,3.OA.4;3.OA.5;3.OA.6;3.OA.7;3.NBT.3
ma-g3-mathematics-u03-l17,ma-g3-mathematics,3,mathematics,53,3,Multiplication and Division Fluency Within 100,17,Targeted correction and reassessment: unsecured facts,Targeted correction and reassessment,unsecured facts,reassessment,3.OA.6;3.OA.7
ma-g3-mathematics-u03-l18,ma-g3-mathematics,3,mathematics,54,3,Multiplication and Division Fluency Within 100,18,"Transfer, reflection, and publication: accuracy and flexibility without speed pressure","Transfer, reflection, and publication",accuracy and flexibility without speed pressure,independent-evidence,3.OA.7;MP.6
ma-g3-mathematics-u04-l01,ma-g3-mathematics,3,mathematics,55,4,"Properties, Patterns, and Two-Step Problems",1,Launch and diagnostic: recognizing problems that hide a second step,Launch and diagnostic,recognizing problems that hide a second step,instruction,3.OA.8;MP.1
ma-g3-mathematics-u04-l02,ma-g3-mathematics,3,mathematics,56,4,"Properties, Patterns, and Two-Step Problems",2,Concept build A: representing two-step problems with bar models,Concept build A,representing two-step problems with bar models,instruction,3.OA.8
ma-g3-mathematics-u04-l03,ma-g3-mathematics,3,mathematics,57,4,"Properties, Patterns, and Two-Step Problems",3,Concept build B: writing equations with a letter for the unknown quantity,Concept build B,writing equations with a letter for the unknown quantity,instruction,3.OA.8
ma-g3-mathematics-u04-l04,ma-g3-mathematics,3,mathematics,58,4,"Properties, Patterns, and Two-Step Problems",4,Guided practice A: order of operations inside two-step situations,Guided practice A,order of operations inside two-step situations,guided-practice,3.OA.8;MP.6
ma-g3-mathematics-u04-l05,ma-g3-mathematics,3,mathematics,59,4,"Properties, Patterns, and Two-Step Problems",5,Independent evidence A: two-step problems combining addition and multiplication,Independent evidence A,two-step problems combining addition and multiplication,independent-evidence,3.OA.8
ma-g3-mathematics-u04-l06,ma-g3-mathematics,3,mathematics,60,4,"Properties, Patterns, and Two-Step Problems",6,Concept build C: estimation and mental strategies to test reasonableness,Concept build C,estimation and mental strategies to test reasonableness,instruction,3.OA.8;MP.3
ma-g3-mathematics-u04-l07,ma-g3-mathematics,3,mathematics,61,4,"Properties, Patterns, and Two-Step Problems",7,Guided practice B: two-step problems combining subtraction and division,Guided practice B,two-step problems combining subtraction and division,guided-practice,3.OA.8
ma-g3-mathematics-u04-l08,ma-g3-mathematics,3,mathematics,62,4,"Properties, Patterns, and Two-Step Problems",8,Error analysis and repair: stopped-at-step-one errors,Error analysis and repair,stopped-at-step-one errors,guided-practice,3.OA.8;MP.3
ma-g3-mathematics-u04-l09,ma-g3-mathematics,3,mathematics,63,4,"Properties, Patterns, and Two-Step Problems",9,Retrieval and fluency: facts embedded in multi-step work,Retrieval and fluency,facts embedded in multi-step work,retrieval,3.OA.7;3.OA.8
ma-g3-mathematics-u04-l10,ma-g3-mathematics,3,mathematics,64,4,"Properties, Patterns, and Two-Step Problems",10,Independent evidence B: two-step problems across all four operations,Independent evidence B,two-step problems across all four operations,independent-evidence,3.OA.8
ma-g3-mathematics-u04-l11,ma-g3-mathematics,3,mathematics,65,4,"Properties, Patterns, and Two-Step Problems",11,Concept extension: patterns in the addition and multiplication tables,Concept extension,patterns in the addition and multiplication tables,instruction,3.OA.9
ma-g3-mathematics-u04-l12,ma-g3-mathematics,3,mathematics,66,4,"Properties, Patterns, and Two-Step Problems",12,Applied problem solving: explaining patterns using properties and multiples of ten,Applied problem solving,explaining patterns using properties and multiples of ten,independent-evidence,3.OA.5;3.OA.9;3.NBT.3
ma-g3-mathematics-u04-l13,ma-g3-mathematics,3,mathematics,67,4,"Properties, Patterns, and Two-Step Problems",13,Performance task: plan: the two-step event problem set,Performance task: plan,the two-step event problem set,project,3.OA.8;MP.4
ma-g3-mathematics-u04-l14,ma-g3-mathematics,3,mathematics,68,4,"Properties, Patterns, and Two-Step Problems",14,"Performance task: build: problems with models, equations, and checks",Performance task: build,"problems with models, equations, and checks",project,3.OA.8;3.OA.9
ma-g3-mathematics-u04-l15,ma-g3-mathematics,3,mathematics,69,4,"Properties, Patterns, and Two-Step Problems",15,Synthesis and review: multi-step reasoning and pattern explanation,Synthesis and review,multi-step reasoning and pattern explanation,retrieval,3.OA.8;3.OA.9
ma-g3-mathematics-u04-l16,ma-g3-mathematics,3,mathematics,70,4,"Properties, Patterns, and Two-Step Problems",16,Unit assessment: two-step problems and pattern reasoning,Unit assessment,two-step problems and pattern reasoning,assessment,3.OA.5;3.OA.8;3.OA.9;3.NBT.3
ma-g3-mathematics-u04-l17,ma-g3-mathematics,3,mathematics,71,4,"Properties, Patterns, and Two-Step Problems",17,Targeted correction and reassessment: multi-step reasoning,Targeted correction and reassessment,multi-step reasoning,reassessment,3.OA.8;3.OA.9
ma-g3-mathematics-u04-l18,ma-g3-mathematics,3,mathematics,72,4,"Properties, Patterns, and Two-Step Problems",18,"Transfer, reflection, and publication: two-step reasoning in daily planning","Transfer, reflection, and publication",two-step reasoning in daily planning,independent-evidence,3.OA.8;MP.1;MP.4
ma-g3-mathematics-u05-l01,ma-g3-mathematics,3,mathematics,73,5,Understanding Fractions as Numbers,1,Launch and diagnostic: fair shares and what makes parts equal,Launch and diagnostic,fair shares and what makes parts equal,instruction,3.NF.1;MP.1
ma-g3-mathematics-u05-l02,ma-g3-mathematics,3,mathematics,74,5,Understanding Fractions as Numbers,2,Concept build A: partitioning shapes into equal parts,Concept build A,partitioning shapes into equal parts,instruction,3.NF.1;3.G.2
ma-g3-mathematics-u05-l03,ma-g3-mathematics,3,mathematics,75,5,Understanding Fractions as Numbers,3,Concept build B: unit fractions as one part of an equally partitioned whole,Concept build B,unit fractions as one part of an equally partitioned whole,instruction,3.NF.1
ma-g3-mathematics-u05-l04,ma-g3-mathematics,3,mathematics,76,5,Understanding Fractions as Numbers,4,Guided practice A: non-unit fractions from unit fractions,Guided practice A,non-unit fractions from unit fractions,guided-practice,3.NF.1
ma-g3-mathematics-u05-l05,ma-g3-mathematics,3,mathematics,77,5,Understanding Fractions as Numbers,5,Independent evidence A: naming fractions from area models,Independent evidence A,naming fractions from area models,independent-evidence,3.NF.1;3.G.2
ma-g3-mathematics-u05-l06,ma-g3-mathematics,3,mathematics,78,5,Understanding Fractions as Numbers,6,Concept build C: the number line as a length model for fractions,Concept build C,the number line as a length model for fractions,instruction,3.NF.2
ma-g3-mathematics-u05-l07,ma-g3-mathematics,3,mathematics,79,5,Understanding Fractions as Numbers,7,Guided practice B: locating unit fractions on the number line,Guided practice B,locating unit fractions on the number line,guided-practice,3.NF.2
ma-g3-mathematics-u05-l08,ma-g3-mathematics,3,mathematics,80,5,Understanding Fractions as Numbers,8,Error analysis and repair: tick-mark counting errors,Error analysis and repair,tick-mark counting errors,guided-practice,3.NF.2;MP.3
ma-g3-mathematics-u05-l09,ma-g3-mathematics,3,mathematics,81,5,Understanding Fractions as Numbers,9,Retrieval and fluency: naming and drawing unit fractions,Retrieval and fluency,naming and drawing unit fractions,retrieval,3.NF.1
ma-g3-mathematics-u05-l10,ma-g3-mathematics,3,mathematics,82,5,Understanding Fractions as Numbers,10,Independent evidence B: locating non-unit fractions on the number line,Independent evidence B,locating non-unit fractions on the number line,independent-evidence,3.NF.2
ma-g3-mathematics-u05-l11,ma-g3-mathematics,3,mathematics,83,5,Understanding Fractions as Numbers,11,Concept extension: fractions of a whole in measurement and sharing contexts,Concept extension,fractions of a whole in measurement and sharing contexts,instruction,3.NF.1;3.G.2
ma-g3-mathematics-u05-l12,ma-g3-mathematics,3,mathematics,84,5,Understanding Fractions as Numbers,12,Applied problem solving: why the whole must always be identified,Applied problem solving,why the whole must always be identified,independent-evidence,3.NF.1;MP.6
ma-g3-mathematics-u05-l13,ma-g3-mathematics,3,mathematics,85,5,Understanding Fractions as Numbers,13,Performance task: plan: the fraction number-line gallery,Performance task: plan,the fraction number-line gallery,project,3.NF.1;3.NF.2;MP.4
ma-g3-mathematics-u05-l14,ma-g3-mathematics,3,mathematics,86,5,Understanding Fractions as Numbers,14,Performance task: build: gallery entries with equal-partition evidence,Performance task: build,gallery entries with equal-partition evidence,project,3.NF.1;3.NF.2
ma-g3-mathematics-u05-l15,ma-g3-mathematics,3,mathematics,87,5,Understanding Fractions as Numbers,15,Synthesis and review: a fraction is a number,Synthesis and review,a fraction is a number,retrieval,3.NF.1;3.NF.2
ma-g3-mathematics-u05-l16,ma-g3-mathematics,3,mathematics,88,5,Understanding Fractions as Numbers,16,Unit assessment: fractions as numbers,Unit assessment,fractions as numbers,assessment,3.NF.1;3.NF.2;3.G.2
ma-g3-mathematics-u05-l17,ma-g3-mathematics,3,mathematics,89,5,Understanding Fractions as Numbers,17,Targeted correction and reassessment: partitioning and placement,Targeted correction and reassessment,partitioning and placement,reassessment,3.NF.1;3.NF.2
ma-g3-mathematics-u05-l18,ma-g3-mathematics,3,mathematics,90,5,Understanding Fractions as Numbers,18,"Transfer, reflection, and publication: fractions in measurement and sharing","Transfer, reflection, and publication",fractions in measurement and sharing,independent-evidence,3.NF.2;MP.4
ma-g3-mathematics-u06-l01,ma-g3-mathematics,3,mathematics,91,6,Equivalent Fractions and Comparison,1,Launch and diagnostic: two names for the same amount,Launch and diagnostic,two names for the same amount,instruction,3.NF.3;MP.1
ma-g3-mathematics-u06-l02,ma-g3-mathematics,3,mathematics,92,6,Equivalent Fractions and Comparison,2,Concept build A: equivalence seen on the number line,Concept build A,equivalence seen on the number line,instruction,3.NF.2;3.NF.3
ma-g3-mathematics-u06-l03,ma-g3-mathematics,3,mathematics,93,6,Equivalent Fractions and Comparison,3,Concept build B: equivalence seen with area models,Concept build B,equivalence seen with area models,instruction,3.NF.3;3.G.2
ma-g3-mathematics-u06-l04,ma-g3-mathematics,3,mathematics,94,6,Equivalent Fractions and Comparison,4,Guided practice A: generating simple equivalent fractions,Guided practice A,generating simple equivalent fractions,guided-practice,3.NF.3
ma-g3-mathematics-u06-l05,ma-g3-mathematics,3,mathematics,95,6,Equivalent Fractions and Comparison,5,Independent evidence A: recognizing equivalent fractions in models and notation,Independent evidence A,recognizing equivalent fractions in models and notation,independent-evidence,3.NF.3
ma-g3-mathematics-u06-l06,ma-g3-mathematics,3,mathematics,96,6,Equivalent Fractions and Comparison,6,Concept build C: whole numbers written as fractions,Concept build C,whole numbers written as fractions,instruction,3.NF.3
ma-g3-mathematics-u06-l07,ma-g3-mathematics,3,mathematics,97,6,Equivalent Fractions and Comparison,7,Guided practice B: fractions equal to whole numbers,Guided practice B,fractions equal to whole numbers,guided-practice,3.NF.3
ma-g3-mathematics-u06-l08,ma-g3-mathematics,3,mathematics,98,6,Equivalent Fractions and Comparison,8,Error analysis and repair: different-whole comparison errors,Error analysis and repair,different-whole comparison errors,guided-practice,3.NF.3;MP.3
ma-g3-mathematics-u06-l09,ma-g3-mathematics,3,mathematics,99,6,Equivalent Fractions and Comparison,9,Retrieval and fluency: unit fractions and equivalence,Retrieval and fluency,unit fractions and equivalence,retrieval,3.NF.1;3.NF.3
ma-g3-mathematics-u06-l10,ma-g3-mathematics,3,mathematics,100,6,Equivalent Fractions and Comparison,10,Independent evidence B: comparing fractions with the same numerator,Independent evidence B,comparing fractions with the same numerator,independent-evidence,3.NF.3
ma-g3-mathematics-u06-l11,ma-g3-mathematics,3,mathematics,101,6,Equivalent Fractions and Comparison,11,Concept extension: comparing fractions with the same denominator,Concept extension,comparing fractions with the same denominator,instruction,3.NF.3
ma-g3-mathematics-u06-l12,ma-g3-mathematics,3,mathematics,102,6,Equivalent Fractions and Comparison,12,Applied problem solving: justifying a comparison with a model and a symbol,Applied problem solving,justifying a comparison with a model and a symbol,independent-evidence,3.NF.3;MP.3
ma-g3-mathematics-u06-l13,ma-g3-mathematics,3,mathematics,103,6,Equivalent Fractions and Comparison,13,"Performance task: plan: the Same Size, Different Name proof set",Performance task: plan,"the Same Size, Different Name proof set",project,3.NF.3;MP.4
ma-g3-mathematics-u06-l14,ma-g3-mathematics,3,mathematics,104,6,Equivalent Fractions and Comparison,14,Performance task: build: proofs with models and written justifications,Performance task: build,proofs with models and written justifications,project,3.NF.3
ma-g3-mathematics-u06-l15,ma-g3-mathematics,3,mathematics,105,6,Equivalent Fractions and Comparison,15,Synthesis and review: equivalence and comparison,Synthesis and review,equivalence and comparison,retrieval,3.NF.1;3.NF.3
ma-g3-mathematics-u06-l16,ma-g3-mathematics,3,mathematics,106,6,Equivalent Fractions and Comparison,16,Unit assessment: equivalence and comparison,Unit assessment,equivalence and comparison,assessment,3.NF.1;3.NF.2;3.NF.3
ma-g3-mathematics-u06-l17,ma-g3-mathematics,3,mathematics,107,6,Equivalent Fractions and Comparison,17,Targeted correction and reassessment: comparison reasoning,Targeted correction and reassessment,comparison reasoning,reassessment,3.NF.3
ma-g3-mathematics-u06-l18,ma-g3-mathematics,3,mathematics,108,6,Equivalent Fractions and Comparison,18,"Transfer, reflection, and publication: recognizing the same amount written different ways","Transfer, reflection, and publication",recognizing the same amount written different ways,independent-evidence,3.NF.3;MP.4
ma-g3-mathematics-u07-l01,ma-g3-mathematics,3,mathematics,109,7,"Measurement: Time, Liquid Volume, and Mass",1,Launch and diagnostic: what we measure and why the unit matters,Launch and diagnostic,what we measure and why the unit matters,instruction,3.MD.1;3.MD.2;MP.6
ma-g3-mathematics-u07-l02,ma-g3-mathematics,3,mathematics,110,7,"Measurement: Time, Liquid Volume, and Mass",2,Concept build A: telling and writing time to the nearest minute,Concept build A,telling and writing time to the nearest minute,instruction,3.MD.1
ma-g3-mathematics-u07-l03,ma-g3-mathematics,3,mathematics,111,7,"Measurement: Time, Liquid Volume, and Mass",3,Concept build B: elapsed time on a number line,Concept build B,elapsed time on a number line,instruction,3.MD.1
ma-g3-mathematics-u07-l04,ma-g3-mathematics,3,mathematics,112,7,"Measurement: Time, Liquid Volume, and Mass",4,Guided practice A: adding and subtracting time intervals,Guided practice A,adding and subtracting time intervals,guided-practice,3.MD.1
ma-g3-mathematics-u07-l05,ma-g3-mathematics,3,mathematics,113,7,"Measurement: Time, Liquid Volume, and Mass",5,Independent evidence A: elapsed-time problems in real contexts,Independent evidence A,elapsed-time problems in real contexts,independent-evidence,3.MD.1
ma-g3-mathematics-u07-l06,ma-g3-mathematics,3,mathematics,114,7,"Measurement: Time, Liquid Volume, and Mass",6,Concept build C: measuring and estimating liquid volume in liters,Concept build C,measuring and estimating liquid volume in liters,instruction,3.MD.2;MP.5
ma-g3-mathematics-u07-l07,ma-g3-mathematics,3,mathematics,115,7,"Measurement: Time, Liquid Volume, and Mass",7,Guided practice B: measuring and estimating mass in grams and kilograms,Guided practice B,measuring and estimating mass in grams and kilograms,guided-practice,3.MD.2
ma-g3-mathematics-u07-l08,ma-g3-mathematics,3,mathematics,116,7,"Measurement: Time, Liquid Volume, and Mass",8,Error analysis and repair: unit-confusion and unreasonable-estimate errors,Error analysis and repair,unit-confusion and unreasonable-estimate errors,guided-practice,3.MD.2;MP.3
ma-g3-mathematics-u07-l09,ma-g3-mathematics,3,mathematics,117,7,"Measurement: Time, Liquid Volume, and Mass",9,Retrieval and fluency: time and unit benchmarks,Retrieval and fluency,time and unit benchmarks,retrieval,3.MD.1;3.MD.2
ma-g3-mathematics-u07-l10,ma-g3-mathematics,3,mathematics,118,7,"Measurement: Time, Liquid Volume, and Mass",10,Independent evidence B: one-step problems involving liquid volume and mass,Independent evidence B,one-step problems involving liquid volume and mass,independent-evidence,3.MD.2
ma-g3-mathematics-u07-l11,ma-g3-mathematics,3,mathematics,119,7,"Measurement: Time, Liquid Volume, and Mass",11,Concept extension: choosing a unit and estimating before measuring,Concept extension,choosing a unit and estimating before measuring,instruction,3.MD.2;MP.6
ma-g3-mathematics-u07-l12,ma-g3-mathematics,3,mathematics,120,7,"Measurement: Time, Liquid Volume, and Mass",12,Applied problem solving: measurement problems solved by multiplication and division,Applied problem solving,measurement problems solved by multiplication and division,independent-evidence,3.OA.3;3.MD.2
ma-g3-mathematics-u07-l13,ma-g3-mathematics,3,mathematics,121,7,"Measurement: Time, Liquid Volume, and Mass",13,Performance task: plan: the day plan and Measure It station guide,Performance task: plan,the day plan and Measure It station guide,project,3.MD.1;3.MD.2;MP.4
ma-g3-mathematics-u07-l14,ma-g3-mathematics,3,mathematics,122,7,"Measurement: Time, Liquid Volume, and Mass",14,"Performance task: build: the guide with estimates, units, and elapsed-time reasoning",Performance task: build,"the guide with estimates, units, and elapsed-time reasoning",project,3.MD.1;3.MD.2
ma-g3-mathematics-u07-l15,ma-g3-mathematics,3,mathematics,123,7,"Measurement: Time, Liquid Volume, and Mass",15,Synthesis and review: measurement reasoning,Synthesis and review,measurement reasoning,retrieval,3.MD.1;3.MD.2
ma-g3-mathematics-u07-l16,ma-g3-mathematics,3,mathematics,124,7,"Measurement: Time, Liquid Volume, and Mass",16,"Unit assessment: time, liquid volume, and mass",Unit assessment,"time, liquid volume, and mass",assessment,3.MD.1;3.MD.2
ma-g3-mathematics-u07-l17,ma-g3-mathematics,3,mathematics,125,7,"Measurement: Time, Liquid Volume, and Mass",17,Targeted correction and reassessment: elapsed time and units,Targeted correction and reassessment,elapsed time and units,reassessment,3.MD.1;3.MD.2
ma-g3-mathematics-u07-l18,ma-g3-mathematics,3,mathematics,126,7,"Measurement: Time, Liquid Volume, and Mass",18,"Transfer, reflection, and publication: measuring safely with an adult at home","Transfer, reflection, and publication",measuring safely with an adult at home,independent-evidence,3.MD.2;MP.4
ma-g3-mathematics-u08-l01,ma-g3-mathematics,3,mathematics,127,8,Data: Scaled Graphs and Measurement Line Plots,1,Launch and diagnostic: questions a graph can and cannot answer,Launch and diagnostic,questions a graph can and cannot answer,instruction,3.MD.3;MP.3
ma-g3-mathematics-u08-l02,ma-g3-mathematics,3,mathematics,128,8,Data: Scaled Graphs and Measurement Line Plots,2,Concept build A: picture graphs with a scaled key,Concept build A,picture graphs with a scaled key,instruction,3.MD.3
ma-g3-mathematics-u08-l03,ma-g3-mathematics,3,mathematics,129,8,Data: Scaled Graphs and Measurement Line Plots,3,Concept build B: drawing and reading scaled bar graphs,Concept build B,drawing and reading scaled bar graphs,instruction,3.MD.3
ma-g3-mathematics-u08-l04,ma-g3-mathematics,3,mathematics,130,8,Data: Scaled Graphs and Measurement Line Plots,4,Guided practice A: one- and two-step questions from a graph,Guided practice A,one- and two-step questions from a graph,guided-practice,3.OA.8;3.MD.3
ma-g3-mathematics-u08-l05,ma-g3-mathematics,3,mathematics,131,8,Data: Scaled Graphs and Measurement Line Plots,5,Independent evidence A: a scaled bar graph from a data set,Independent evidence A,a scaled bar graph from a data set,independent-evidence,3.MD.3
ma-g3-mathematics-u08-l06,ma-g3-mathematics,3,mathematics,132,8,Data: Scaled Graphs and Measurement Line Plots,6,Concept build C: measuring lengths to the nearest half and quarter inch,Concept build C,measuring lengths to the nearest half and quarter inch,instruction,3.MD.4;MP.5
ma-g3-mathematics-u08-l07,ma-g3-mathematics,3,mathematics,133,8,Data: Scaled Graphs and Measurement Line Plots,7,Guided practice B: a line plot from measurement data,Guided practice B,a line plot from measurement data,guided-practice,3.MD.4
ma-g3-mathematics-u08-l08,ma-g3-mathematics,3,mathematics,134,8,Data: Scaled Graphs and Measurement Line Plots,8,Error analysis and repair: misleading-scale and axis errors,Error analysis and repair,misleading-scale and axis errors,guided-practice,3.MD.3;MP.3
ma-g3-mathematics-u08-l09,ma-g3-mathematics,3,mathematics,135,8,Data: Scaled Graphs and Measurement Line Plots,9,Retrieval and fluency: reading scaled graphs,Retrieval and fluency,reading scaled graphs,retrieval,3.MD.3
ma-g3-mathematics-u08-l10,ma-g3-mathematics,3,mathematics,136,8,Data: Scaled Graphs and Measurement Line Plots,10,Independent evidence B: interpreting a line plot,Independent evidence B,interpreting a line plot,independent-evidence,3.MD.4
ma-g3-mathematics-u08-l11,ma-g3-mathematics,3,mathematics,137,8,Data: Scaled Graphs and Measurement Line Plots,11,Concept extension: comparing categories with two-step questions,Concept extension,comparing categories with two-step questions,instruction,3.OA.8;3.MD.3
ma-g3-mathematics-u08-l12,ma-g3-mathematics,3,mathematics,138,8,Data: Scaled Graphs and Measurement Line Plots,12,Applied problem solving: choosing a representation that fits the question,Applied problem solving,choosing a representation that fits the question,independent-evidence,3.MD.3;3.MD.4;MP.4
ma-g3-mathematics-u08-l13,ma-g3-mathematics,3,mathematics,139,8,Data: Scaled Graphs and Measurement Line Plots,13,Performance task: plan: a de-identified survey or measurement study,Performance task: plan,a de-identified survey or measurement study,project,3.MD.3;3.MD.4;MP.4
ma-g3-mathematics-u08-l14,ma-g3-mathematics,3,mathematics,140,8,Data: Scaled Graphs and Measurement Line Plots,14,"Performance task: build: the graph, line plot, and interpretation",Performance task: build,"the graph, line plot, and interpretation",project,3.MD.3;3.MD.4
ma-g3-mathematics-u08-l15,ma-g3-mathematics,3,mathematics,141,8,Data: Scaled Graphs and Measurement Line Plots,15,Synthesis and review: representing and interpreting data,Synthesis and review,representing and interpreting data,retrieval,3.MD.3;3.MD.4
ma-g3-mathematics-u08-l16,ma-g3-mathematics,3,mathematics,142,8,Data: Scaled Graphs and Measurement Line Plots,16,Unit assessment: scaled graphs and line plots,Unit assessment,scaled graphs and line plots,assessment,3.MD.3;3.MD.4
ma-g3-mathematics-u08-l17,ma-g3-mathematics,3,mathematics,143,8,Data: Scaled Graphs and Measurement Line Plots,17,Targeted correction and reassessment: scale and interpretation,Targeted correction and reassessment,scale and interpretation,reassessment,3.MD.3;3.MD.4
ma-g3-mathematics-u08-l18,ma-g3-mathematics,3,mathematics,144,8,Data: Scaled Graphs and Measurement Line Plots,18,"Transfer, reflection, and publication: judging whether a real graph is honest","Transfer, reflection, and publication",judging whether a real graph is honest,independent-evidence,3.MD.3;MP.3
ma-g3-mathematics-u09-l01,ma-g3-mathematics,3,mathematics,145,9,Area and the Distributive Property,1,Launch and diagnostic: covering a surface without gaps or overlaps,Launch and diagnostic,covering a surface without gaps or overlaps,instruction,3.MD.5;MP.1
ma-g3-mathematics-u09-l02,ma-g3-mathematics,3,mathematics,146,9,Area and the Distributive Property,2,Concept build A: unit squares and area as a count of squares,Concept build A,unit squares and area as a count of squares,instruction,3.MD.5
ma-g3-mathematics-u09-l03,ma-g3-mathematics,3,mathematics,147,9,Area and the Distributive Property,3,Concept build B: measuring area by tiling,Concept build B,measuring area by tiling,instruction,3.MD.6
ma-g3-mathematics-u09-l04,ma-g3-mathematics,3,mathematics,148,9,Area and the Distributive Property,4,Guided practice A: counting unit squares in standard square units,Guided practice A,counting unit squares in standard square units,guided-practice,3.MD.6
ma-g3-mathematics-u09-l05,ma-g3-mathematics,3,mathematics,149,9,Area and the Distributive Property,5,Independent evidence A: finding area from a tiled figure,Independent evidence A,finding area from a tiled figure,independent-evidence,3.MD.5;3.MD.6
ma-g3-mathematics-u09-l06,ma-g3-mathematics,3,mathematics,150,9,Area and the Distributive Property,6,Concept build C: area as the product of side lengths,Concept build C,area as the product of side lengths,instruction,3.MD.7
ma-g3-mathematics-u09-l07,ma-g3-mathematics,3,mathematics,151,9,Area and the Distributive Property,7,Guided practice B: connecting tiling to the area formula,Guided practice B,connecting tiling to the area formula,guided-practice,3.MD.7
ma-g3-mathematics-u09-l08,ma-g3-mathematics,3,mathematics,152,9,Area and the Distributive Property,8,Error analysis and repair: area-versus-perimeter confusion,Error analysis and repair,area-versus-perimeter confusion,guided-practice,3.MD.7;MP.3
ma-g3-mathematics-u09-l09,ma-g3-mathematics,3,mathematics,153,9,Area and the Distributive Property,9,Retrieval and fluency: products read as areas,Retrieval and fluency,products read as areas,retrieval,3.OA.7;3.MD.7
ma-g3-mathematics-u09-l10,ma-g3-mathematics,3,mathematics,154,9,Area and the Distributive Property,10,Independent evidence B: area of rectangles in real contexts,Independent evidence B,area of rectangles in real contexts,independent-evidence,3.MD.7
ma-g3-mathematics-u09-l11,ma-g3-mathematics,3,mathematics,155,9,Area and the Distributive Property,11,Concept extension: breaking a rectangle apart to show the distributive property,Concept extension,breaking a rectangle apart to show the distributive property,instruction,3.OA.5;3.MD.7;MP.7
ma-g3-mathematics-u09-l12,ma-g3-mathematics,3,mathematics,156,9,Area and the Distributive Property,12,Applied problem solving: area of combined rectilinear figures,Applied problem solving,area of combined rectilinear figures,independent-evidence,3.MD.7
ma-g3-mathematics-u09-l13,ma-g3-mathematics,3,mathematics,157,9,Area and the Distributive Property,13,Performance task: plan: the floor plan design,Performance task: plan,the floor plan design,project,3.MD.7;MP.4
ma-g3-mathematics-u09-l14,ma-g3-mathematics,3,mathematics,158,9,Area and the Distributive Property,14,Performance task: build: the plan with every area justified two ways,Performance task: build,the plan with every area justified two ways,project,3.MD.7
ma-g3-mathematics-u09-l15,ma-g3-mathematics,3,mathematics,159,9,Area and the Distributive Property,15,"Synthesis and review: area concepts, tiling, and formulas",Synthesis and review,"area concepts, tiling, and formulas",retrieval,3.MD.5;3.MD.6;3.MD.7
ma-g3-mathematics-u09-l16,ma-g3-mathematics,3,mathematics,160,9,Area and the Distributive Property,16,Unit assessment: area and the distributive property,Unit assessment,area and the distributive property,assessment,3.MD.5;3.MD.6;3.MD.7
ma-g3-mathematics-u09-l17,ma-g3-mathematics,3,mathematics,161,9,Area and the Distributive Property,17,Targeted correction and reassessment: area reasoning,Targeted correction and reassessment,area reasoning,reassessment,3.MD.7
ma-g3-mathematics-u09-l18,ma-g3-mathematics,3,mathematics,162,9,Area and the Distributive Property,18,"Transfer, reflection, and publication: area in the spaces around us","Transfer, reflection, and publication",area in the spaces around us,independent-evidence,3.MD.7;MP.4
ma-g3-mathematics-u10-l01,ma-g3-mathematics,3,mathematics,163,10,"Perimeter, Geometry, and Integrated Capstone",1,Launch and diagnostic: distance around compared with space inside,Launch and diagnostic,distance around compared with space inside,instruction,3.MD.8;MP.1
ma-g3-mathematics-u10-l02,ma-g3-mathematics,3,mathematics,164,10,"Perimeter, Geometry, and Integrated Capstone",2,Concept build A: finding the perimeter of polygons,Concept build A,finding the perimeter of polygons,instruction,3.MD.8
ma-g3-mathematics-u10-l03,ma-g3-mathematics,3,mathematics,165,10,"Perimeter, Geometry, and Integrated Capstone",3,Concept build B: finding an unknown side length from a known perimeter,Concept build B,finding an unknown side length from a known perimeter,instruction,3.MD.8
ma-g3-mathematics-u10-l04,ma-g3-mathematics,3,mathematics,166,10,"Perimeter, Geometry, and Integrated Capstone",4,"Guided practice A: same perimeter, different area",Guided practice A,"same perimeter, different area",guided-practice,3.MD.8
ma-g3-mathematics-u10-l05,ma-g3-mathematics,3,mathematics,167,10,"Perimeter, Geometry, and Integrated Capstone",5,"Independent evidence A: same area, different perimeter",Independent evidence A,"same area, different perimeter",independent-evidence,3.MD.8
ma-g3-mathematics-u10-l06,ma-g3-mathematics,3,mathematics,168,10,"Perimeter, Geometry, and Integrated Capstone",6,Concept build C: categories of quadrilaterals and their attributes,Concept build C,categories of quadrilaterals and their attributes,instruction,3.G.1
ma-g3-mathematics-u10-l07,ma-g3-mathematics,3,mathematics,169,10,"Perimeter, Geometry, and Integrated Capstone",7,Guided practice B: attributes shared across shape categories,Guided practice B,attributes shared across shape categories,guided-practice,3.G.1
ma-g3-mathematics-u10-l08,ma-g3-mathematics,3,mathematics,170,10,"Perimeter, Geometry, and Integrated Capstone",8,Error analysis and repair: classification-by-appearance errors,Error analysis and repair,classification-by-appearance errors,guided-practice,3.G.1;MP.3
ma-g3-mathematics-u10-l09,ma-g3-mathematics,3,mathematics,171,10,"Perimeter, Geometry, and Integrated Capstone",9,"Retrieval and fluency: perimeter, area, and shape names",Retrieval and fluency,"perimeter, area, and shape names",retrieval,3.MD.8;3.G.1
ma-g3-mathematics-u10-l10,ma-g3-mathematics,3,mathematics,172,10,"Perimeter, Geometry, and Integrated Capstone",10,Independent evidence B: partitioning shapes into parts with equal areas,Independent evidence B,partitioning shapes into parts with equal areas,independent-evidence,3.NF.1;3.G.2
ma-g3-mathematics-u10-l11,ma-g3-mathematics,3,mathematics,173,10,"Perimeter, Geometry, and Integrated Capstone",11,Concept extension: design constraints that involve both perimeter and area,Concept extension,design constraints that involve both perimeter and area,instruction,3.MD.7;3.MD.8
ma-g3-mathematics-u10-l12,ma-g3-mathematics,3,mathematics,174,10,"Perimeter, Geometry, and Integrated Capstone",12,"Applied problem solving: connecting geometry, fractions, and measurement",Applied problem solving,"connecting geometry, fractions, and measurement",independent-evidence,3.NF.1;3.MD.7;3.G.2
ma-g3-mathematics-u10-l13,ma-g3-mathematics,3,mathematics,175,10,"Perimeter, Geometry, and Integrated Capstone",13,Performance task: plan: the capstone design,Performance task: plan,the capstone design,project,3.MD.7;3.MD.8;MP.4
ma-g3-mathematics-u10-l14,ma-g3-mathematics,3,mathematics,176,10,"Perimeter, Geometry, and Integrated Capstone",14,Performance task: build: the capstone design,Performance task: build,the capstone design,project,3.MD.7;3.MD.8;3.G.1
ma-g3-mathematics-u10-l15,ma-g3-mathematics,3,mathematics,177,10,"Perimeter, Geometry, and Integrated Capstone",15,Synthesis and review: the mathematical justifications in the capstone design,Synthesis and review,the mathematical justifications in the capstone design,retrieval,3.MD.8;3.G.1;MP.3
ma-g3-mathematics-u10-l16,ma-g3-mathematics,3,mathematics,178,10,"Perimeter, Geometry, and Integrated Capstone",16,"Unit assessment: perimeter, geometry, and partitioning",Unit assessment,"perimeter, geometry, and partitioning",assessment,3.MD.8;3.G.1;3.G.2
ma-g3-mathematics-u10-l17,ma-g3-mathematics,3,mathematics,179,10,"Perimeter, Geometry, and Integrated Capstone",17,Targeted correction and reassessment: perimeter and classification,Targeted correction and reassessment,perimeter and classification,reassessment,3.MD.8;3.G.1
ma-g3-mathematics-u10-l18,ma-g3-mathematics,3,mathematics,180,10,"Perimeter, Geometry, and Integrated Capstone",18,"Transfer, reflection, and publication: perimeter, area, and shape classification in the completed design","Transfer, reflection, and publication","perimeter, area, and shape classification in the completed design",independent-evidence,3.MD.8;3.G.1;MP.4
ma-g4-mathematics-u01-l01,ma-g4-mathematics,4,mathematics,1,1,Mathematical Habits and Place Value to One Million,1,Launch and diagnostic: making sense of large numbers and unfamiliar problems,Launch and diagnostic,making sense of large numbers and unfamiliar problems,instruction,MP.1;MP.3
ma-g4-mathematics-u01-l02,ma-g4-mathematics,4,mathematics,2,1,Mathematical Habits and Place Value to One Million,2,Concept build A: a digit represents ten times what it represents to its right,Concept build A,a digit represents ten times what it represents to its right,instruction,4.NBT.1;MP.7
ma-g4-mathematics-u01-l03,ma-g4-mathematics,4,mathematics,3,1,Mathematical Habits and Place Value to One Million,3,Concept build B: place value through the hundred thousands and beyond,Concept build B,place value through the hundred thousands and beyond,instruction,4.NBT.1;4.NBT.2
ma-g4-mathematics-u01-l04,ma-g4-mathematics,4,mathematics,4,1,Mathematical Habits and Place Value to One Million,4,Guided practice A: reading and writing multi-digit numbers in three forms,Guided practice A,reading and writing multi-digit numbers in three forms,guided-practice,4.NBT.2
ma-g4-mathematics-u01-l05,ma-g4-mathematics,4,mathematics,5,1,Mathematical Habits and Place Value to One Million,5,Independent evidence A: expanded form and number names,Independent evidence A,expanded form and number names,independent-evidence,4.NBT.1;4.NBT.2
ma-g4-mathematics-u01-l06,ma-g4-mathematics,4,mathematics,6,1,Mathematical Habits and Place Value to One Million,6,Concept build C: comparing multi-digit numbers using place value,Concept build C,comparing multi-digit numbers using place value,instruction,4.NBT.2
ma-g4-mathematics-u01-l07,ma-g4-mathematics,4,mathematics,7,1,Mathematical Habits and Place Value to One Million,7,"Guided practice B: recording comparisons with greater than, equal to, and less than",Guided practice B,"recording comparisons with greater than, equal to, and less than",guided-practice,4.NBT.2;MP.6
ma-g4-mathematics-u01-l08,ma-g4-mathematics,4,mathematics,8,1,Mathematical Habits and Place Value to One Million,8,Error analysis and repair: digit-count comparison errors,Error analysis and repair,digit-count comparison errors,guided-practice,4.NBT.2;MP.3
ma-g4-mathematics-u01-l09,ma-g4-mathematics,4,mathematics,9,1,Mathematical Habits and Place Value to One Million,9,Retrieval and fluency: place value and comparison,Retrieval and fluency,place value and comparison,retrieval,4.NBT.1;4.NBT.2
ma-g4-mathematics-u01-l10,ma-g4-mathematics,4,mathematics,10,1,Mathematical Habits and Place Value to One Million,10,Independent evidence B: comparing and ordering multi-digit numbers in context,Independent evidence B,comparing and ordering multi-digit numbers in context,independent-evidence,4.NBT.2
ma-g4-mathematics-u01-l11,ma-g4-mathematics,4,mathematics,11,1,Mathematical Habits and Place Value to One Million,11,Concept extension: rounding multi-digit whole numbers to any place,Concept extension,rounding multi-digit whole numbers to any place,instruction,4.NBT.3
ma-g4-mathematics-u01-l12,ma-g4-mathematics,4,mathematics,12,1,Mathematical Habits and Place Value to One Million,12,Applied problem solving: choosing a rounding place and estimating to judge reasonableness,Applied problem solving,choosing a rounding place and estimating to judge reasonableness,independent-evidence,4.NBT.3;MP.1;MP.3
ma-g4-mathematics-u01-l13,ma-g4-mathematics,4,mathematics,13,1,Mathematical Habits and Place Value to One Million,13,Performance task: plan: the Ten Times Bigger explainer,Performance task: plan,the Ten Times Bigger explainer,project,4.NBT.1;4.NBT.2;MP.4
ma-g4-mathematics-u01-l14,ma-g4-mathematics,4,mathematics,14,1,Mathematical Habits and Place Value to One Million,14,Performance task: build: the explainer with models and comparisons,Performance task: build,the explainer with models and comparisons,project,4.NBT.1;4.NBT.2;4.NBT.3
ma-g4-mathematics-u01-l15,ma-g4-mathematics,4,mathematics,15,1,Mathematical Habits and Place Value to One Million,15,"Synthesis and review: place value, comparison, and rounding",Synthesis and review,"place value, comparison, and rounding",retrieval,4.NBT.1;4.NBT.2;4.NBT.3
ma-g4-mathematics-u01-l16,ma-g4-mathematics,4,mathematics,16,1,Mathematical Habits and Place Value to One Million,16,Unit assessment: multi-digit place value and rounding,Unit assessment,multi-digit place value and rounding,assessment,4.NBT.1;4.NBT.2;4.NBT.3
ma-g4-mathematics-u01-l17,ma-g4-mathematics,4,mathematics,17,1,Mathematical Habits and Place Value to One Million,17,Targeted correction and reassessment: comparison and rounding,Targeted correction and reassessment,comparison and rounding,reassessment,4.NBT.2;4.NBT.3
ma-g4-mathematics-u01-l18,ma-g4-mathematics,4,mathematics,18,1,Mathematical Habits and Place Value to One Million,18,"Transfer, reflection, and publication: reading large numbers encountered in the world","Transfer, reflection, and publication",reading large numbers encountered in the world,independent-evidence,4.NBT.3;MP.4
ma-g4-mathematics-u02-l01,ma-g4-mathematics,4,mathematics,19,2,Multi-Digit Addition and Subtraction,1,Launch and diagnostic: what the standard algorithm records about place value,Launch and diagnostic,what the standard algorithm records about place value,instruction,4.NBT.4;MP.1
ma-g4-mathematics-u02-l02,ma-g4-mathematics,4,mathematics,20,2,Multi-Digit Addition and Subtraction,2,Concept build A: multi-digit addition with regrouping across places,Concept build A,multi-digit addition with regrouping across places,instruction,4.NBT.4
ma-g4-mathematics-u02-l03,ma-g4-mathematics,4,mathematics,21,2,Multi-Digit Addition and Subtraction,3,Concept build B: why regrouping preserves the value of a number,Concept build B,why regrouping preserves the value of a number,instruction,4.NBT.1;4.NBT.4
ma-g4-mathematics-u02-l04,ma-g4-mathematics,4,mathematics,22,2,Multi-Digit Addition and Subtraction,4,Guided practice A: fluent multi-digit addition,Guided practice A,fluent multi-digit addition,guided-practice,4.NBT.4
ma-g4-mathematics-u02-l05,ma-g4-mathematics,4,mathematics,23,2,Multi-Digit Addition and Subtraction,5,Independent evidence A: addition inside multistep contexts,Independent evidence A,addition inside multistep contexts,independent-evidence,4.NBT.4
ma-g4-mathematics-u02-l06,ma-g4-mathematics,4,mathematics,24,2,Multi-Digit Addition and Subtraction,6,Concept build C: multi-digit subtraction with regrouping,Concept build C,multi-digit subtraction with regrouping,instruction,4.NBT.4
ma-g4-mathematics-u02-l07,ma-g4-mathematics,4,mathematics,25,2,Multi-Digit Addition and Subtraction,7,Guided practice B: subtraction across zeros,Guided practice B,subtraction across zeros,guided-practice,4.NBT.4
ma-g4-mathematics-u02-l08,ma-g4-mathematics,4,mathematics,26,2,Multi-Digit Addition and Subtraction,8,Error analysis and repair: alignment and regrouping errors,Error analysis and repair,alignment and regrouping errors,guided-practice,4.NBT.4;MP.3
ma-g4-mathematics-u02-l09,ma-g4-mathematics,4,mathematics,27,2,Multi-Digit Addition and Subtraction,9,Retrieval and fluency: mixed addition and subtraction,Retrieval and fluency,mixed addition and subtraction,retrieval,4.NBT.4
ma-g4-mathematics-u02-l10,ma-g4-mathematics,4,mathematics,28,2,Multi-Digit Addition and Subtraction,10,Independent evidence B: comparison and difference situations in context,Independent evidence B,comparison and difference situations in context,independent-evidence,4.NBT.4
ma-g4-mathematics-u02-l11,ma-g4-mathematics,4,mathematics,29,2,Multi-Digit Addition and Subtraction,11,Concept extension: multistep problems using a letter for the unknown quantity,Concept extension,multistep problems using a letter for the unknown quantity,instruction,4.OA.3
ma-g4-mathematics-u02-l12,ma-g4-mathematics,4,mathematics,30,2,Multi-Digit Addition and Subtraction,12,Applied problem solving: multistep problems checked against a rounded estimate,Applied problem solving,multistep problems checked against a rounded estimate,independent-evidence,4.OA.3;4.NBT.3
ma-g4-mathematics-u02-l13,ma-g4-mathematics,4,mathematics,31,2,Multi-Digit Addition and Subtraction,13,Performance task: plan: the error-audit correction guide,Performance task: plan,the error-audit correction guide,project,4.NBT.4;MP.3
ma-g4-mathematics-u02-l14,ma-g4-mathematics,4,mathematics,32,2,Multi-Digit Addition and Subtraction,14,Performance task: build: corrections with place-value explanations,Performance task: build,corrections with place-value explanations,project,4.OA.3;4.NBT.4
ma-g4-mathematics-u02-l15,ma-g4-mathematics,4,mathematics,33,2,Multi-Digit Addition and Subtraction,15,"Synthesis and review: algorithm, reasoning, and reasonableness",Synthesis and review,"algorithm, reasoning, and reasonableness",retrieval,4.OA.3;4.NBT.4
ma-g4-mathematics-u02-l16,ma-g4-mathematics,4,mathematics,34,2,Multi-Digit Addition and Subtraction,16,Unit assessment: multi-digit addition and subtraction,Unit assessment,multi-digit addition and subtraction,assessment,4.OA.3;4.NBT.3;4.NBT.4
ma-g4-mathematics-u02-l17,ma-g4-mathematics,4,mathematics,35,2,Multi-Digit Addition and Subtraction,17,Targeted correction and reassessment: regrouping,Targeted correction and reassessment,regrouping,reassessment,4.OA.3;4.NBT.4
ma-g4-mathematics-u02-l18,ma-g4-mathematics,4,mathematics,36,2,Multi-Digit Addition and Subtraction,18,"Transfer, reflection, and publication: checking a total before trusting it","Transfer, reflection, and publication",checking a total before trusting it,independent-evidence,4.OA.3;MP.4
ma-g4-mathematics-u03-l01,ma-g4-mathematics,4,mathematics,37,3,"Multiplicative Comparison, Factors, Multiples, and Patterns",1,Launch and diagnostic: more than compared with times as many,Launch and diagnostic,more than compared with times as many,instruction,4.OA.1;MP.1
ma-g4-mathematics-u03-l02,ma-g4-mathematics,4,mathematics,38,3,"Multiplicative Comparison, Factors, Multiples, and Patterns",2,Concept build A: interpreting a multiplication equation as a comparison,Concept build A,interpreting a multiplication equation as a comparison,instruction,4.OA.1
ma-g4-mathematics-u03-l03,ma-g4-mathematics,4,mathematics,39,3,"Multiplicative Comparison, Factors, Multiples, and Patterns",3,Concept build B: writing equations for multiplicative comparisons,Concept build B,writing equations for multiplicative comparisons,instruction,4.OA.1
ma-g4-mathematics-u03-l04,ma-g4-mathematics,4,mathematics,40,3,"Multiplicative Comparison, Factors, Multiples, and Patterns",4,Guided practice A: comparison word problems solved with models,Guided practice A,comparison word problems solved with models,guided-practice,4.OA.2
ma-g4-mathematics-u03-l05,ma-g4-mathematics,4,mathematics,41,3,"Multiplicative Comparison, Factors, Multiples, and Patterns",5,Independent evidence A: distinguishing additive from multiplicative comparison,Independent evidence A,distinguishing additive from multiplicative comparison,independent-evidence,4.OA.2;MP.3
ma-g4-mathematics-u03-l06,ma-g4-mathematics,4,mathematics,42,3,"Multiplicative Comparison, Factors, Multiples, and Patterns",6,Concept build C: finding factor pairs for whole numbers within 100,Concept build C,finding factor pairs for whole numbers within 100,instruction,4.OA.4
ma-g4-mathematics-u03-l07,ma-g4-mathematics,4,mathematics,43,3,"Multiplicative Comparison, Factors, Multiples, and Patterns",7,Guided practice B: finding all factor pairs systematically,Guided practice B,finding all factor pairs systematically,guided-practice,4.OA.4
ma-g4-mathematics-u03-l08,ma-g4-mathematics,4,mathematics,44,3,"Multiplicative Comparison, Factors, Multiples, and Patterns",8,Error analysis and repair: missed-factor and misread-comparison errors,Error analysis and repair,missed-factor and misread-comparison errors,guided-practice,4.OA.2;4.OA.4;MP.3
ma-g4-mathematics-u03-l09,ma-g4-mathematics,4,mathematics,45,3,"Multiplicative Comparison, Factors, Multiples, and Patterns",9,Retrieval and fluency: facts and factor pairs,Retrieval and fluency,facts and factor pairs,retrieval,4.OA.4
ma-g4-mathematics-u03-l10,ma-g4-mathematics,4,mathematics,46,3,"Multiplicative Comparison, Factors, Multiples, and Patterns",10,Independent evidence B: recognizing multiples and reasoning about divisibility,Independent evidence B,recognizing multiples and reasoning about divisibility,independent-evidence,4.OA.4
ma-g4-mathematics-u03-l11,ma-g4-mathematics,4,mathematics,47,3,"Multiplicative Comparison, Factors, Multiples, and Patterns",11,Concept extension: generating a number pattern from a rule and describing a feature the rule does not state,Concept extension,generating a number pattern from a rule and describing a feature the rule does not state,instruction,4.OA.5
ma-g4-mathematics-u03-l12,ma-g4-mathematics,4,mathematics,48,3,"Multiplicative Comparison, Factors, Multiples, and Patterns",12,"Applied problem solving: prime and composite numbers, and extending a rule-based pattern",Applied problem solving,"prime and composite numbers, and extending a rule-based pattern",independent-evidence,4.OA.4;4.OA.5
ma-g4-mathematics-u03-l13,ma-g4-mathematics,4,mathematics,49,3,"Multiplicative Comparison, Factors, Multiples, and Patterns",13,Performance task: plan: the Number Portrait set,Performance task: plan,the Number Portrait set,project,4.OA.4;MP.4
ma-g4-mathematics-u03-l14,ma-g4-mathematics,4,mathematics,50,3,"Multiplicative Comparison, Factors, Multiples, and Patterns",14,"Performance task: build: portraits with factor pairs, multiples, and stories",Performance task: build,"portraits with factor pairs, multiples, and stories",project,4.OA.1;4.OA.4
ma-g4-mathematics-u03-l15,ma-g4-mathematics,4,mathematics,51,3,"Multiplicative Comparison, Factors, Multiples, and Patterns",15,"Synthesis and review: comparison, factors, and multiples",Synthesis and review,"comparison, factors, and multiples",retrieval,4.OA.1;4.OA.2;4.OA.4
ma-g4-mathematics-u03-l16,ma-g4-mathematics,4,mathematics,52,3,"Multiplicative Comparison, Factors, Multiples, and Patterns",16,"Unit assessment: comparison, factors, and multiples",Unit assessment,"comparison, factors, and multiples",assessment,4.OA.1;4.OA.2;4.OA.4
ma-g4-mathematics-u03-l17,ma-g4-mathematics,4,mathematics,53,3,"Multiplicative Comparison, Factors, Multiples, and Patterns",17,Targeted correction and reassessment: comparison and factoring,Targeted correction and reassessment,comparison and factoring,reassessment,4.OA.2;4.OA.4
ma-g4-mathematics-u03-l18,ma-g4-mathematics,4,mathematics,54,3,"Multiplicative Comparison, Factors, Multiples, and Patterns",18,"Transfer, reflection, and publication: describing real relationships as times as many","Transfer, reflection, and publication",describing real relationships as times as many,independent-evidence,4.OA.1;MP.4
ma-g4-mathematics-u04-l01,ma-g4-mathematics,4,mathematics,55,4,Multi-Digit Multiplication with Area Models and Partial Products,1,Launch and diagnostic: multiplying beyond the basic facts,Launch and diagnostic,multiplying beyond the basic facts,instruction,4.NBT.5;MP.1
ma-g4-mathematics-u04-l02,ma-g4-mathematics,4,mathematics,56,4,Multi-Digit Multiplication with Area Models and Partial Products,2,Concept build A: multiplying by multiples of ten,Concept build A,multiplying by multiples of ten,instruction,4.NBT.1;4.NBT.5
ma-g4-mathematics-u04-l03,ma-g4-mathematics,4,mathematics,57,4,Multi-Digit Multiplication with Area Models and Partial Products,3,Concept build B: area models for two digits by one digit,Concept build B,area models for two digits by one digit,instruction,4.NBT.5;MP.7
ma-g4-mathematics-u04-l04,ma-g4-mathematics,4,mathematics,58,4,Multi-Digit Multiplication with Area Models and Partial Products,4,Guided practice A: recording partial products,Guided practice A,recording partial products,guided-practice,4.NBT.5
ma-g4-mathematics-u04-l05,ma-g4-mathematics,4,mathematics,59,4,Multi-Digit Multiplication with Area Models and Partial Products,5,Independent evidence A: multiplying up to four digits by one digit,Independent evidence A,multiplying up to four digits by one digit,independent-evidence,4.NBT.5
ma-g4-mathematics-u04-l06,ma-g4-mathematics,4,mathematics,60,4,Multi-Digit Multiplication with Area Models and Partial Products,6,Concept build C: area models for two digits by two digits,Concept build C,area models for two digits by two digits,instruction,4.NBT.5
ma-g4-mathematics-u04-l07,ma-g4-mathematics,4,mathematics,61,4,Multi-Digit Multiplication with Area Models and Partial Products,7,Guided practice B: partial products with two two-digit factors,Guided practice B,partial products with two two-digit factors,guided-practice,4.NBT.5
ma-g4-mathematics-u04-l08,ma-g4-mathematics,4,mathematics,62,4,Multi-Digit Multiplication with Area Models and Partial Products,8,Error analysis and repair: place-value slips in partial products,Error analysis and repair,place-value slips in partial products,guided-practice,4.NBT.5;MP.3
ma-g4-mathematics-u04-l09,ma-g4-mathematics,4,mathematics,63,4,Multi-Digit Multiplication with Area Models and Partial Products,9,Retrieval and fluency: facts and multiples of ten,Retrieval and fluency,facts and multiples of ten,retrieval,4.NBT.5
ma-g4-mathematics-u04-l10,ma-g4-mathematics,4,mathematics,64,4,Multi-Digit Multiplication with Area Models and Partial Products,10,Independent evidence B: multiplication inside multistep problems,Independent evidence B,multiplication inside multistep problems,independent-evidence,4.OA.3
ma-g4-mathematics-u04-l11,ma-g4-mathematics,4,mathematics,65,4,Multi-Digit Multiplication with Area Models and Partial Products,11,Concept extension: multiplicative comparison with larger numbers,Concept extension,multiplicative comparison with larger numbers,instruction,4.OA.2
ma-g4-mathematics-u04-l12,ma-g4-mathematics,4,mathematics,66,4,Multi-Digit Multiplication with Area Models and Partial Products,12,Applied problem solving: estimating products to check reasonableness,Applied problem solving,estimating products to check reasonableness,independent-evidence,4.OA.3;4.NBT.5;MP.3
ma-g4-mathematics-u04-l13,ma-g4-mathematics,4,mathematics,67,4,Multi-Digit Multiplication with Area Models and Partial Products,13,Performance task: plan: the supply order,Performance task: plan,the supply order,project,4.NBT.5;MP.4
ma-g4-mathematics-u04-l14,ma-g4-mathematics,4,mathematics,68,4,Multi-Digit Multiplication with Area Models and Partial Products,14,Performance task: build: the order with models and estimates,Performance task: build,the order with models and estimates,project,4.OA.3;4.NBT.5
ma-g4-mathematics-u04-l15,ma-g4-mathematics,4,mathematics,69,4,Multi-Digit Multiplication with Area Models and Partial Products,15,"Synthesis and review: models, partial products, and estimation",Synthesis and review,"models, partial products, and estimation",retrieval,4.OA.2;4.OA.3;4.NBT.5
ma-g4-mathematics-u04-l16,ma-g4-mathematics,4,mathematics,70,4,Multi-Digit Multiplication with Area Models and Partial Products,16,Unit assessment: multi-digit multiplication,Unit assessment,multi-digit multiplication,assessment,4.OA.2;4.OA.3;4.NBT.5
ma-g4-mathematics-u04-l17,ma-g4-mathematics,4,mathematics,71,4,Multi-Digit Multiplication with Area Models and Partial Products,17,Targeted correction and reassessment: partial products and place-value alignment,Targeted correction and reassessment,partial products and place-value alignment,reassessment,4.OA.3;4.NBT.5
ma-g4-mathematics-u04-l18,ma-g4-mathematics,4,mathematics,72,4,Multi-Digit Multiplication with Area Models and Partial Products,18,"Transfer, reflection, and publication: scaling a plan up with multiplication","Transfer, reflection, and publication",scaling a plan up with multiplication,independent-evidence,4.NBT.5;MP.4
ma-g4-mathematics-u05-l01,ma-g4-mathematics,4,mathematics,73,5,Division with Remainders,1,Launch and diagnostic: sharing that does not come out even,Launch and diagnostic,sharing that does not come out even,instruction,4.NBT.6;MP.1
ma-g4-mathematics-u05-l02,ma-g4-mathematics,4,mathematics,74,5,Division with Remainders,2,Concept build A: division as an unknown-factor problem with place value,Concept build A,division as an unknown-factor problem with place value,instruction,4.NBT.6
ma-g4-mathematics-u05-l03,ma-g4-mathematics,4,mathematics,75,5,Division with Remainders,3,Concept build B: area and array models for division,Concept build B,area and array models for division,instruction,4.NBT.6
ma-g4-mathematics-u05-l04,ma-g4-mathematics,4,mathematics,76,5,Division with Remainders,4,Guided practice A: recording partial quotients,Guided practice A,recording partial quotients,guided-practice,4.NBT.6
ma-g4-mathematics-u05-l05,ma-g4-mathematics,4,mathematics,77,5,Division with Remainders,5,Independent evidence A: dividing up to four digits by a one-digit divisor,Independent evidence A,dividing up to four digits by a one-digit divisor,independent-evidence,4.NBT.6
ma-g4-mathematics-u05-l06,ma-g4-mathematics,4,mathematics,78,5,Division with Remainders,6,Concept build C: interpreting remainders in context,Concept build C,interpreting remainders in context,instruction,4.OA.3
ma-g4-mathematics-u05-l07,ma-g4-mathematics,4,mathematics,79,5,Division with Remainders,7,"Guided practice B: remainder decisions: drop it, round up, or report what is left over",Guided practice B,"remainder decisions: drop it, round up, or report what is left over",guided-practice,4.OA.3
ma-g4-mathematics-u05-l08,ma-g4-mathematics,4,mathematics,80,5,Division with Remainders,8,Error analysis and repair: ignored-remainder and missing-zero errors,Error analysis and repair,ignored-remainder and missing-zero errors,guided-practice,4.NBT.6;MP.3
ma-g4-mathematics-u05-l09,ma-g4-mathematics,4,mathematics,81,5,Division with Remainders,9,Retrieval and fluency: division facts and multiples,Retrieval and fluency,division facts and multiples,retrieval,4.NBT.6
ma-g4-mathematics-u05-l10,ma-g4-mathematics,4,mathematics,82,5,Division with Remainders,10,Independent evidence B: multistep problems that involve division,Independent evidence B,multistep problems that involve division,independent-evidence,4.OA.3
ma-g4-mathematics-u05-l11,ma-g4-mathematics,4,mathematics,83,5,Division with Remainders,11,Concept extension: checking a quotient by multiplying,Concept extension,checking a quotient by multiplying,instruction,4.NBT.6;MP.3
ma-g4-mathematics-u05-l12,ma-g4-mathematics,4,mathematics,84,5,Division with Remainders,12,Applied problem solving: estimating to predict the size of a quotient,Applied problem solving,estimating to predict the size of a quotient,independent-evidence,4.OA.3;4.NBT.6
ma-g4-mathematics-u05-l13,ma-g4-mathematics,4,mathematics,85,5,Division with Remainders,13,Performance task: plan: the fair-distribution plan,Performance task: plan,the fair-distribution plan,project,4.OA.3;MP.4
ma-g4-mathematics-u05-l14,ma-g4-mathematics,4,mathematics,86,5,Division with Remainders,14,Performance task: build: the plan with a written remainder justification,Performance task: build,the plan with a written remainder justification,project,4.OA.3;4.NBT.6
ma-g4-mathematics-u05-l15,ma-g4-mathematics,4,mathematics,87,5,Division with Remainders,15,Synthesis and review: division strategy and remainder interpretation,Synthesis and review,division strategy and remainder interpretation,retrieval,4.OA.3;4.NBT.6
ma-g4-mathematics-u05-l16,ma-g4-mathematics,4,mathematics,88,5,Division with Remainders,16,Unit assessment: division and remainders,Unit assessment,division and remainders,assessment,4.OA.3;4.NBT.6
ma-g4-mathematics-u05-l17,ma-g4-mathematics,4,mathematics,89,5,Division with Remainders,17,Targeted correction and reassessment: quotients and remainders,Targeted correction and reassessment,quotients and remainders,reassessment,4.OA.3;4.NBT.6
ma-g4-mathematics-u05-l18,ma-g4-mathematics,4,mathematics,90,5,Division with Remainders,18,"Transfer, reflection, and publication: fair sharing decisions in real situations","Transfer, reflection, and publication",fair sharing decisions in real situations,independent-evidence,4.OA.3;MP.4
ma-g4-mathematics-u06-l01,ma-g4-mathematics,4,mathematics,91,6,Fraction Equivalence and Comparison,1,Launch and diagnostic: the same amount written with a different name,Launch and diagnostic,the same amount written with a different name,instruction,4.NF.1;MP.1
ma-g4-mathematics-u06-l02,ma-g4-mathematics,4,mathematics,92,6,Fraction Equivalence and Comparison,2,Concept build A: equivalence produced by partitioning a model further,Concept build A,equivalence produced by partitioning a model further,instruction,4.NF.1
ma-g4-mathematics-u06-l03,ma-g4-mathematics,4,mathematics,93,6,Fraction Equivalence and Comparison,3,Concept build B: why a/b equals n times a over n times b,Concept build B,why a/b equals n times a over n times b,instruction,4.NF.1
ma-g4-mathematics-u06-l04,ma-g4-mathematics,4,mathematics,94,6,Fraction Equivalence and Comparison,4,Guided practice A: generating equivalent fractions,Guided practice A,generating equivalent fractions,guided-practice,4.NF.1
ma-g4-mathematics-u06-l05,ma-g4-mathematics,4,mathematics,95,6,Fraction Equivalence and Comparison,5,Independent evidence A: recognizing equivalence across models and notation,Independent evidence A,recognizing equivalence across models and notation,independent-evidence,4.NF.1
ma-g4-mathematics-u06-l06,ma-g4-mathematics,4,mathematics,96,6,Fraction Equivalence and Comparison,6,Concept build C: rewriting fractions with a common denominator,Concept build C,rewriting fractions with a common denominator,instruction,4.NF.1
ma-g4-mathematics-u06-l07,ma-g4-mathematics,4,mathematics,97,6,Fraction Equivalence and Comparison,7,Guided practice B: comparing fractions using a common denominator,Guided practice B,comparing fractions using a common denominator,guided-practice,4.NF.2
ma-g4-mathematics-u06-l08,ma-g4-mathematics,4,mathematics,98,6,Fraction Equivalence and Comparison,8,Error analysis and repair: numerator-only comparison errors,Error analysis and repair,numerator-only comparison errors,guided-practice,4.NF.2;MP.3
ma-g4-mathematics-u06-l09,ma-g4-mathematics,4,mathematics,99,6,Fraction Equivalence and Comparison,9,Retrieval and fluency: equivalence and benchmarks,Retrieval and fluency,equivalence and benchmarks,retrieval,4.NF.1;4.NF.2
ma-g4-mathematics-u06-l10,ma-g4-mathematics,4,mathematics,100,6,Fraction Equivalence and Comparison,10,Independent evidence B: comparing fractions using benchmark values,Independent evidence B,comparing fractions using benchmark values,independent-evidence,4.NF.2
ma-g4-mathematics-u06-l11,ma-g4-mathematics,4,mathematics,101,6,Fraction Equivalence and Comparison,11,Concept extension: comparing only when fractions refer to the same whole,Concept extension,comparing only when fractions refer to the same whole,instruction,4.NF.2;MP.6
ma-g4-mathematics-u06-l12,ma-g4-mathematics,4,mathematics,102,6,Fraction Equivalence and Comparison,12,Applied problem solving: justifying comparisons visually and symbolically,Applied problem solving,justifying comparisons visually and symbolically,independent-evidence,4.NF.1;4.NF.2;MP.3
ma-g4-mathematics-u06-l13,ma-g4-mathematics,4,mathematics,103,6,Fraction Equivalence and Comparison,13,Performance task: plan: the equivalence proof wall,Performance task: plan,the equivalence proof wall,project,4.NF.1;MP.4
ma-g4-mathematics-u06-l14,ma-g4-mathematics,4,mathematics,104,6,Fraction Equivalence and Comparison,14,Performance task: build: claims with models and written arguments,Performance task: build,claims with models and written arguments,project,4.NF.1;4.NF.2
ma-g4-mathematics-u06-l15,ma-g4-mathematics,4,mathematics,105,6,Fraction Equivalence and Comparison,15,Synthesis and review: equivalence and comparison,Synthesis and review,equivalence and comparison,retrieval,4.NF.1;4.NF.2
ma-g4-mathematics-u06-l16,ma-g4-mathematics,4,mathematics,106,6,Fraction Equivalence and Comparison,16,Unit assessment: fraction equivalence and comparison,Unit assessment,fraction equivalence and comparison,assessment,4.NF.1;4.NF.2
ma-g4-mathematics-u06-l17,ma-g4-mathematics,4,mathematics,107,6,Fraction Equivalence and Comparison,17,Targeted correction and reassessment: comparison strategy,Targeted correction and reassessment,comparison strategy,reassessment,4.NF.1;4.NF.2
ma-g4-mathematics-u06-l18,ma-g4-mathematics,4,mathematics,108,6,Fraction Equivalence and Comparison,18,"Transfer, reflection, and publication: recognizing equivalent amounts in real settings","Transfer, reflection, and publication",recognizing equivalent amounts in real settings,independent-evidence,4.NF.2;MP.4
ma-g4-mathematics-u07-l01,ma-g4-mathematics,4,mathematics,109,7,"Adding, Subtracting, and Multiplying Fractions",1,Launch and diagnostic: a fraction as a count of unit fractions,Launch and diagnostic,a fraction as a count of unit fractions,instruction,4.NF.3;MP.1
ma-g4-mathematics-u07-l02,ma-g4-mathematics,4,mathematics,110,7,"Adding, Subtracting, and Multiplying Fractions",2,Concept build A: decomposing a fraction into a sum of unit fractions,Concept build A,decomposing a fraction into a sum of unit fractions,instruction,4.NF.3
ma-g4-mathematics-u07-l03,ma-g4-mathematics,4,mathematics,111,7,"Adding, Subtracting, and Multiplying Fractions",3,Concept build B: adding and subtracting fractions with like denominators,Concept build B,adding and subtracting fractions with like denominators,instruction,4.NF.3
ma-g4-mathematics-u07-l04,ma-g4-mathematics,4,mathematics,112,7,"Adding, Subtracting, and Multiplying Fractions",4,Guided practice A: mixed numbers and fractions greater than one,Guided practice A,mixed numbers and fractions greater than one,guided-practice,4.NF.3
ma-g4-mathematics-u07-l05,ma-g4-mathematics,4,mathematics,113,7,"Adding, Subtracting, and Multiplying Fractions",5,Independent evidence A: adding and subtracting mixed numbers with like denominators,Independent evidence A,adding and subtracting mixed numbers with like denominators,independent-evidence,4.NF.3
ma-g4-mathematics-u07-l06,ma-g4-mathematics,4,mathematics,114,7,"Adding, Subtracting, and Multiplying Fractions",6,Concept build C: word problems adding and subtracting like-denominator fractions,Concept build C,word problems adding and subtracting like-denominator fractions,instruction,4.NF.3
ma-g4-mathematics-u07-l07,ma-g4-mathematics,4,mathematics,115,7,"Adding, Subtracting, and Multiplying Fractions",7,Guided practice B: multiplying a fraction by a whole number as repeated addition,Guided practice B,multiplying a fraction by a whole number as repeated addition,guided-practice,4.NF.4
ma-g4-mathematics-u07-l08,ma-g4-mathematics,4,mathematics,116,7,"Adding, Subtracting, and Multiplying Fractions",8,Error analysis and repair: added-denominator errors,Error analysis and repair,added-denominator errors,guided-practice,4.NF.3;MP.3
ma-g4-mathematics-u07-l09,ma-g4-mathematics,4,mathematics,117,7,"Adding, Subtracting, and Multiplying Fractions",9,Retrieval and fluency: unit-fraction decomposition,Retrieval and fluency,unit-fraction decomposition,retrieval,4.NF.3
ma-g4-mathematics-u07-l10,ma-g4-mathematics,4,mathematics,118,7,"Adding, Subtracting, and Multiplying Fractions",10,Independent evidence B: solving word problems that multiply a fraction by a whole number,Independent evidence B,solving word problems that multiply a fraction by a whole number,independent-evidence,4.NF.4
ma-g4-mathematics-u07-l11,ma-g4-mathematics,4,mathematics,119,7,"Adding, Subtracting, and Multiplying Fractions",11,Concept extension: fraction operations inside measurement contexts,Concept extension,fraction operations inside measurement contexts,instruction,4.NF.4;4.MD.2
ma-g4-mathematics-u07-l12,ma-g4-mathematics,4,mathematics,120,7,"Adding, Subtracting, and Multiplying Fractions",12,Applied problem solving: connecting repeated addition to n times a over b,Applied problem solving,connecting repeated addition to n times a over b,independent-evidence,4.NF.4;MP.3
ma-g4-mathematics-u07-l13,ma-g4-mathematics,4,mathematics,121,7,"Adding, Subtracting, and Multiplying Fractions",13,Performance task: plan: the recipe or measurement plan,Performance task: plan,the recipe or measurement plan,project,4.NF.3;4.NF.4;MP.4
ma-g4-mathematics-u07-l14,ma-g4-mathematics,4,mathematics,122,7,"Adding, Subtracting, and Multiplying Fractions",14,Performance task: build: the plan with combined and scaled amounts,Performance task: build,the plan with combined and scaled amounts,project,4.NF.3;4.NF.4
ma-g4-mathematics-u07-l15,ma-g4-mathematics,4,mathematics,123,7,"Adding, Subtracting, and Multiplying Fractions",15,Synthesis and review: fraction operations,Synthesis and review,fraction operations,retrieval,4.NF.3;4.NF.4
ma-g4-mathematics-u07-l16,ma-g4-mathematics,4,mathematics,124,7,"Adding, Subtracting, and Multiplying Fractions",16,"Unit assessment: fraction addition, subtraction, and multiplication",Unit assessment,"fraction addition, subtraction, and multiplication",assessment,4.NF.3;4.NF.4
ma-g4-mathematics-u07-l17,ma-g4-mathematics,4,mathematics,125,7,"Adding, Subtracting, and Multiplying Fractions",17,Targeted correction and reassessment: fraction operations,Targeted correction and reassessment,fraction operations,reassessment,4.NF.3;4.NF.4
ma-g4-mathematics-u07-l18,ma-g4-mathematics,4,mathematics,126,7,"Adding, Subtracting, and Multiplying Fractions",18,"Transfer, reflection, and publication: scaling a fractional plan for more people","Transfer, reflection, and publication",scaling a fractional plan for more people,independent-evidence,4.NF.4;MP.4
ma-g4-mathematics-u08-l01,ma-g4-mathematics,4,mathematics,127,8,Decimal Notation and Fraction-Decimal Connections,1,Launch and diagnostic: two ways to write the same amount,Launch and diagnostic,two ways to write the same amount,instruction,4.NF.6;MP.1
ma-g4-mathematics-u08-l02,ma-g4-mathematics,4,mathematics,128,8,Decimal Notation and Fraction-Decimal Connections,2,Concept build A: tenths and hundredths written as fractions,Concept build A,tenths and hundredths written as fractions,instruction,4.NF.5
ma-g4-mathematics-u08-l03,ma-g4-mathematics,4,mathematics,129,8,Decimal Notation and Fraction-Decimal Connections,3,Concept build B: adding tenths and hundredths by rewriting to a common unit,Concept build B,adding tenths and hundredths by rewriting to a common unit,instruction,4.NF.5
ma-g4-mathematics-u08-l04,ma-g4-mathematics,4,mathematics,130,8,Decimal Notation and Fraction-Decimal Connections,4,Guided practice A: writing fractions with denominator 10 or 100 in decimal notation,Guided practice A,writing fractions with denominator 10 or 100 in decimal notation,guided-practice,4.NF.6
ma-g4-mathematics-u08-l05,ma-g4-mathematics,4,mathematics,131,8,Decimal Notation and Fraction-Decimal Connections,5,Independent evidence A: locating decimals on a number line,Independent evidence A,locating decimals on a number line,independent-evidence,4.NF.6
ma-g4-mathematics-u08-l06,ma-g4-mathematics,4,mathematics,132,8,Decimal Notation and Fraction-Decimal Connections,6,Concept build C: decimals in money and measurement contexts,Concept build C,decimals in money and measurement contexts,instruction,4.NF.6;4.MD.2
ma-g4-mathematics-u08-l07,ma-g4-mathematics,4,mathematics,133,8,Decimal Notation and Fraction-Decimal Connections,7,Guided practice B: comparing decimals to hundredths,Guided practice B,comparing decimals to hundredths,guided-practice,4.NF.7
ma-g4-mathematics-u08-l08,ma-g4-mathematics,4,mathematics,134,8,Decimal Notation and Fraction-Decimal Connections,8,Error analysis and repair: digit-count decimal comparison errors,Error analysis and repair,digit-count decimal comparison errors,guided-practice,4.NF.7;MP.3
ma-g4-mathematics-u08-l09,ma-g4-mathematics,4,mathematics,135,8,Decimal Notation and Fraction-Decimal Connections,9,Retrieval and fluency: fraction and decimal equivalents,Retrieval and fluency,fraction and decimal equivalents,retrieval,4.NF.6
ma-g4-mathematics-u08-l10,ma-g4-mathematics,4,mathematics,136,8,Decimal Notation and Fraction-Decimal Connections,10,Independent evidence B: comparing and ordering decimals,Independent evidence B,comparing and ordering decimals,independent-evidence,4.NF.7
ma-g4-mathematics-u08-l11,ma-g4-mathematics,4,mathematics,137,8,Decimal Notation and Fraction-Decimal Connections,11,Concept extension: why a comparison requires the same whole,Concept extension,why a comparison requires the same whole,instruction,4.NF.7;MP.6
ma-g4-mathematics-u08-l12,ma-g4-mathematics,4,mathematics,138,8,Decimal Notation and Fraction-Decimal Connections,12,Applied problem solving: money problems involving decimals,Applied problem solving,money problems involving decimals,independent-evidence,4.NF.5;4.NF.6;4.MD.2
ma-g4-mathematics-u08-l13,ma-g4-mathematics,4,mathematics,139,8,Decimal Notation and Fraction-Decimal Connections,13,Performance task: plan: the conversion board,Performance task: plan,the conversion board,project,4.NF.6;MP.4
ma-g4-mathematics-u08-l14,ma-g4-mathematics,4,mathematics,140,8,Decimal Notation and Fraction-Decimal Connections,14,"Performance task: build: the board with fractions, decimals, models, and comparisons",Performance task: build,"the board with fractions, decimals, models, and comparisons",project,4.NF.5;4.NF.6;4.NF.7
ma-g4-mathematics-u08-l15,ma-g4-mathematics,4,mathematics,141,8,Decimal Notation and Fraction-Decimal Connections,15,Synthesis and review: fraction and decimal connections,Synthesis and review,fraction and decimal connections,retrieval,4.NF.5;4.NF.6;4.NF.7
ma-g4-mathematics-u08-l16,ma-g4-mathematics,4,mathematics,142,8,Decimal Notation and Fraction-Decimal Connections,16,Unit assessment: decimal notation and comparison,Unit assessment,decimal notation and comparison,assessment,4.NF.5;4.NF.6;4.NF.7
ma-g4-mathematics-u08-l17,ma-g4-mathematics,4,mathematics,143,8,Decimal Notation and Fraction-Decimal Connections,17,Targeted correction and reassessment: decimal comparison,Targeted correction and reassessment,decimal comparison,reassessment,4.NF.6;4.NF.7
ma-g4-mathematics-u08-l18,ma-g4-mathematics,4,mathematics,144,8,Decimal Notation and Fraction-Decimal Connections,18,"Transfer, reflection, and publication: reading decimals on price tags and measuring tools","Transfer, reflection, and publication",reading decimals on price tags and measuring tools,independent-evidence,4.NF.6;MP.4
ma-g4-mathematics-u09-l01,ma-g4-mathematics,4,mathematics,145,9,"Measurement, Conversion, and Data",1,Launch and diagnostic: why the size of a unit changes the number,Launch and diagnostic,why the size of a unit changes the number,instruction,4.MD.1;MP.1
ma-g4-mathematics-u09-l02,ma-g4-mathematics,4,mathematics,146,9,"Measurement, Conversion, and Data",2,Concept build A: relative sizes of metric units,Concept build A,relative sizes of metric units,instruction,4.MD.1;MP.5
ma-g4-mathematics-u09-l03,ma-g4-mathematics,4,mathematics,147,9,"Measurement, Conversion, and Data",3,Concept build B: relative sizes of customary units,Concept build B,relative sizes of customary units,instruction,4.MD.1
ma-g4-mathematics-u09-l04,ma-g4-mathematics,4,mathematics,148,9,"Measurement, Conversion, and Data",4,Guided practice A: two-column conversion tables,Guided practice A,two-column conversion tables,guided-practice,4.MD.1
ma-g4-mathematics-u09-l05,ma-g4-mathematics,4,mathematics,149,9,"Measurement, Conversion, and Data",5,Independent evidence A: converting from a larger unit to a smaller unit,Independent evidence A,converting from a larger unit to a smaller unit,independent-evidence,4.MD.1
ma-g4-mathematics-u09-l06,ma-g4-mathematics,4,mathematics,150,9,"Measurement, Conversion, and Data",6,Concept build C: measurement word problems including money and time,Concept build C,measurement word problems including money and time,instruction,4.MD.2
ma-g4-mathematics-u09-l07,ma-g4-mathematics,4,mathematics,151,9,"Measurement, Conversion, and Data",7,Guided practice B: applying area and perimeter formulas for rectangles,Guided practice B,applying area and perimeter formulas for rectangles,guided-practice,4.MD.3
ma-g4-mathematics-u09-l08,ma-g4-mathematics,4,mathematics,152,9,"Measurement, Conversion, and Data",8,Error analysis and repair: wrong-direction conversion errors,Error analysis and repair,wrong-direction conversion errors,guided-practice,4.MD.1;MP.3
ma-g4-mathematics-u09-l09,ma-g4-mathematics,4,mathematics,153,9,"Measurement, Conversion, and Data",9,"Retrieval and fluency: unit benchmarks, conversions, and formulas",Retrieval and fluency,"unit benchmarks, conversions, and formulas",retrieval,4.MD.1;4.MD.3
ma-g4-mathematics-u09-l10,ma-g4-mathematics,4,mathematics,154,9,"Measurement, Conversion, and Data",10,Independent evidence B: measurement problems involving fractions and decimals,Independent evidence B,measurement problems involving fractions and decimals,independent-evidence,4.MD.2
ma-g4-mathematics-u09-l11,ma-g4-mathematics,4,mathematics,155,9,"Measurement, Conversion, and Data",11,"Concept extension: line plots with halves, quarters, and eighths of an inch",Concept extension,"line plots with halves, quarters, and eighths of an inch",instruction,4.MD.4
ma-g4-mathematics-u09-l12,ma-g4-mathematics,4,mathematics,156,9,"Measurement, Conversion, and Data",12,"Applied problem solving: finding an unknown side length from area or perimeter, and interpreting a line plot",Applied problem solving,"finding an unknown side length from area or perimeter, and interpreting a line plot",independent-evidence,4.MD.3;4.MD.4
ma-g4-mathematics-u09-l13,ma-g4-mathematics,4,mathematics,157,9,"Measurement, Conversion, and Data",13,Performance task: plan: the measurement study,Performance task: plan,the measurement study,project,4.MD.1;4.MD.4;MP.4
ma-g4-mathematics-u09-l14,ma-g4-mathematics,4,mathematics,158,9,"Measurement, Conversion, and Data",14,"Performance task: build: the conversion table, area analysis, and line plot",Performance task: build,"the conversion table, area analysis, and line plot",project,4.MD.1;4.MD.3;4.MD.4
ma-g4-mathematics-u09-l15,ma-g4-mathematics,4,mathematics,159,9,"Measurement, Conversion, and Data",15,"Synthesis and review: conversion, formulas, and measurement data",Synthesis and review,"conversion, formulas, and measurement data",retrieval,4.MD.1;4.MD.2;4.MD.3;4.MD.4
ma-g4-mathematics-u09-l16,ma-g4-mathematics,4,mathematics,160,9,"Measurement, Conversion, and Data",16,"Unit assessment: measurement, conversion, and data",Unit assessment,"measurement, conversion, and data",assessment,4.MD.1;4.MD.2;4.MD.3;4.MD.4
ma-g4-mathematics-u09-l17,ma-g4-mathematics,4,mathematics,161,9,"Measurement, Conversion, and Data",17,Targeted correction and reassessment: conversion and formulas,Targeted correction and reassessment,conversion and formulas,reassessment,4.MD.1;4.MD.3
ma-g4-mathematics-u09-l18,ma-g4-mathematics,4,mathematics,162,9,"Measurement, Conversion, and Data",18,"Transfer, reflection, and publication: measuring and converting for a real task","Transfer, reflection, and publication",measuring and converting for a real task,independent-evidence,4.MD.2;MP.4
ma-g4-mathematics-u10-l01,ma-g4-mathematics,4,mathematics,163,10,"Angles, Geometry, and Integrated Capstone",1,Launch and diagnostic: what an angle actually measures,Launch and diagnostic,what an angle actually measures,instruction,4.MD.5;MP.1
ma-g4-mathematics-u10-l02,ma-g4-mathematics,4,mathematics,164,10,"Angles, Geometry, and Integrated Capstone",2,Concept build A: angles as fractions of a circular turn,Concept build A,angles as fractions of a circular turn,instruction,4.MD.5
ma-g4-mathematics-u10-l03,ma-g4-mathematics,4,mathematics,165,10,"Angles, Geometry, and Integrated Capstone",3,Concept build B: measuring angles with a protractor,Concept build B,measuring angles with a protractor,instruction,4.MD.6;MP.5
ma-g4-mathematics-u10-l04,ma-g4-mathematics,4,mathematics,166,10,"Angles, Geometry, and Integrated Capstone",4,Guided practice A: sketching angles of a specified measure,Guided practice A,sketching angles of a specified measure,guided-practice,4.MD.6
ma-g4-mathematics-u10-l05,ma-g4-mathematics,4,mathematics,167,10,"Angles, Geometry, and Integrated Capstone",5,Independent evidence A: measuring and drawing angles accurately,Independent evidence A,measuring and drawing angles accurately,independent-evidence,4.MD.5;4.MD.6
ma-g4-mathematics-u10-l06,ma-g4-mathematics,4,mathematics,168,10,"Angles, Geometry, and Integrated Capstone",6,Concept build C: angle measure as additive and unknown-angle problems,Concept build C,angle measure as additive and unknown-angle problems,instruction,4.MD.7
ma-g4-mathematics-u10-l07,ma-g4-mathematics,4,mathematics,169,10,"Angles, Geometry, and Integrated Capstone",7,Guided practice B: solving for an unknown angle in a diagram,Guided practice B,solving for an unknown angle in a diagram,guided-practice,4.MD.7
ma-g4-mathematics-u10-l08,ma-g4-mathematics,4,mathematics,170,10,"Angles, Geometry, and Integrated Capstone",8,Error analysis and repair: protractor scale-reading errors,Error analysis and repair,protractor scale-reading errors,guided-practice,4.MD.6;MP.3
ma-g4-mathematics-u10-l09,ma-g4-mathematics,4,mathematics,171,10,"Angles, Geometry, and Integrated Capstone",9,Retrieval and fluency: angle types and measures,Retrieval and fluency,angle types and measures,retrieval,4.MD.5;4.MD.6
ma-g4-mathematics-u10-l10,ma-g4-mathematics,4,mathematics,172,10,"Angles, Geometry, and Integrated Capstone",10,Independent evidence B: unknown-angle problems in diagrams,Independent evidence B,unknown-angle problems in diagrams,independent-evidence,4.MD.7
ma-g4-mathematics-u10-l11,ma-g4-mathematics,4,mathematics,173,10,"Angles, Geometry, and Integrated Capstone",11,"Concept extension: points, lines, rays, classifying two-dimensional figures, and lines of symmetry",Concept extension,"points, lines, rays, classifying two-dimensional figures, and lines of symmetry",instruction,4.G.1;4.G.2;4.G.3
ma-g4-mathematics-u10-l12,ma-g4-mathematics,4,mathematics,174,10,"Angles, Geometry, and Integrated Capstone",12,Applied problem solving: classifying two-dimensional figures and identifying lines of symmetry,Applied problem solving,classifying two-dimensional figures and identifying lines of symmetry,independent-evidence,4.G.1;4.G.2;4.G.3
ma-g4-mathematics-u10-l13,ma-g4-mathematics,4,mathematics,175,10,"Angles, Geometry, and Integrated Capstone",13,Performance task: plan: the capstone design,Performance task: plan,the capstone design,project,4.G.2;4.G.3;MP.4
ma-g4-mathematics-u10-l14,ma-g4-mathematics,4,mathematics,176,10,"Angles, Geometry, and Integrated Capstone",14,Performance task: build: the capstone design,Performance task: build,the capstone design,project,4.MD.6;4.MD.7;4.G.1;4.G.2
ma-g4-mathematics-u10-l15,ma-g4-mathematics,4,mathematics,177,10,"Angles, Geometry, and Integrated Capstone",15,Synthesis and review: the mathematical justifications in the capstone design,Synthesis and review,the mathematical justifications in the capstone design,retrieval,4.G.2;4.G.3;MP.3
ma-g4-mathematics-u10-l16,ma-g4-mathematics,4,mathematics,178,10,"Angles, Geometry, and Integrated Capstone",16,"Unit assessment: angles, geometry, and symmetry",Unit assessment,"angles, geometry, and symmetry",assessment,4.MD.5;4.MD.6;4.MD.7;4.G.1;4.G.2;4.G.3
ma-g4-mathematics-u10-l17,ma-g4-mathematics,4,mathematics,179,10,"Angles, Geometry, and Integrated Capstone",17,Targeted correction and reassessment: angle and classification work,Targeted correction and reassessment,angle and classification work,reassessment,4.MD.6;4.MD.7;4.G.2
ma-g4-mathematics-u10-l18,ma-g4-mathematics,4,mathematics,180,10,"Angles, Geometry, and Integrated Capstone",18,"Transfer, reflection, and publication: symmetry and rule-based patterns in the completed design","Transfer, reflection, and publication",symmetry and rule-based patterns in the completed design,independent-evidence,4.OA.5;4.G.3;MP.4
