course_day,course_id,lesson_id
1,ma-g9-arts-and-music,ma-g9-arts-and-music-u01-l01
2,ma-g9-arts-and-music,ma-g9-arts-and-music-u01-l02
3,ma-g9-arts-and-music,ma-g9-arts-and-music-u01-l03
4,ma-g9-arts-and-music,ma-g9-arts-and-music-u01-l04
5,ma-g9-arts-and-music,ma-g9-arts-and-music-u01-l05
6,ma-g9-arts-and-music,ma-g9-arts-and-music-u01-l06
7,ma-g9-arts-and-music,ma-g9-arts-and-music-u01-l07
8,ma-g9-arts-and-music,ma-g9-arts-and-music-u01-l08
9,ma-g9-arts-and-music,ma-g9-arts-and-music-u01-l09
10,ma-g9-arts-and-music,ma-g9-arts-and-music-u01-l10
11,ma-g9-arts-and-music,ma-g9-arts-and-music-u01-l11
12,ma-g9-arts-and-music,ma-g9-arts-and-music-u01-l12
13,ma-g9-arts-and-music,ma-g9-arts-and-music-u02-l01
14,ma-g9-arts-and-music,ma-g9-arts-and-music-u02-l02
15,ma-g9-arts-and-music,ma-g9-arts-and-music-u02-l03
16,ma-g9-arts-and-music,ma-g9-arts-and-music-u02-l04
17,ma-g9-arts-and-music,ma-g9-arts-and-music-u02-l05
18,ma-g9-arts-and-music,ma-g9-arts-and-music-u02-l06
19,ma-g9-arts-and-music,ma-g9-arts-and-music-u02-l07
20,ma-g9-arts-and-music,ma-g9-arts-and-music-u02-l08
21,ma-g9-arts-and-music,ma-g9-arts-and-music-u02-l09
22,ma-g9-arts-and-music,ma-g9-arts-and-music-u02-l10
23,ma-g9-arts-and-music,ma-g9-arts-and-music-u02-l11
24,ma-g9-arts-and-music,ma-g9-arts-and-music-u02-l12
25,ma-g9-arts-and-music,ma-g9-arts-and-music-u03-l01
26,ma-g9-arts-and-music,ma-g9-arts-and-music-u03-l02
27,ma-g9-arts-and-music,ma-g9-arts-and-music-u03-l03
28,ma-g9-arts-and-music,ma-g9-arts-and-music-u03-l04
29,ma-g9-arts-and-music,ma-g9-arts-and-music-u03-l05
30,ma-g9-arts-and-music,ma-g9-arts-and-music-u03-l06
31,ma-g9-arts-and-music,ma-g9-arts-and-music-u03-l07
32,ma-g9-arts-and-music,ma-g9-arts-and-music-u03-l08
33,ma-g9-arts-and-music,ma-g9-arts-and-music-u03-l09
34,ma-g9-arts-and-music,ma-g9-arts-and-music-u03-l10
35,ma-g9-arts-and-music,ma-g9-arts-and-music-u03-l11
36,ma-g9-arts-and-music,ma-g9-arts-and-music-u03-l12
37,ma-g9-arts-and-music,ma-g9-arts-and-music-u04-l01
38,ma-g9-arts-and-music,ma-g9-arts-and-music-u04-l02
39,ma-g9-arts-and-music,ma-g9-arts-and-music-u04-l03
40,ma-g9-arts-and-music,ma-g9-arts-and-music-u04-l04
41,ma-g9-arts-and-music,ma-g9-arts-and-music-u04-l05
42,ma-g9-arts-and-music,ma-g9-arts-and-music-u04-l06
43,ma-g9-arts-and-music,ma-g9-arts-and-music-u04-l07
44,ma-g9-arts-and-music,ma-g9-arts-and-music-u04-l08
45,ma-g9-arts-and-music,ma-g9-arts-and-music-u04-l09
46,ma-g9-arts-and-music,ma-g9-arts-and-music-u04-l10
47,ma-g9-arts-and-music,ma-g9-arts-and-music-u04-l11
48,ma-g9-arts-and-music,ma-g9-arts-and-music-u04-l12
49,ma-g9-arts-and-music,ma-g9-arts-and-music-u05-l01
50,ma-g9-arts-and-music,ma-g9-arts-and-music-u05-l02
51,ma-g9-arts-and-music,ma-g9-arts-and-music-u05-l03
52,ma-g9-arts-and-music,ma-g9-arts-and-music-u05-l04
53,ma-g9-arts-and-music,ma-g9-arts-and-music-u05-l05
54,ma-g9-arts-and-music,ma-g9-arts-and-music-u05-l06
55,ma-g9-arts-and-music,ma-g9-arts-and-music-u05-l07
56,ma-g9-arts-and-music,ma-g9-arts-and-music-u05-l08
57,ma-g9-arts-and-music,ma-g9-arts-and-music-u05-l09
58,ma-g9-arts-and-music,ma-g9-arts-and-music-u05-l10
59,ma-g9-arts-and-music,ma-g9-arts-and-music-u05-l11
60,ma-g9-arts-and-music,ma-g9-arts-and-music-u05-l12
61,ma-g9-arts-and-music,ma-g9-arts-and-music-u06-l01
62,ma-g9-arts-and-music,ma-g9-arts-and-music-u06-l02
63,ma-g9-arts-and-music,ma-g9-arts-and-music-u06-l03
64,ma-g9-arts-and-music,ma-g9-arts-and-music-u06-l04
65,ma-g9-arts-and-music,ma-g9-arts-and-music-u06-l05
66,ma-g9-arts-and-music,ma-g9-arts-and-music-u06-l06
67,ma-g9-arts-and-music,ma-g9-arts-and-music-u06-l07
68,ma-g9-arts-and-music,ma-g9-arts-and-music-u06-l08
69,ma-g9-arts-and-music,ma-g9-arts-and-music-u06-l09
70,ma-g9-arts-and-music,ma-g9-arts-and-music-u06-l10
71,ma-g9-arts-and-music,ma-g9-arts-and-music-u06-l11
72,ma-g9-arts-and-music,ma-g9-arts-and-music-u06-l12
1,ma-g9-english-language-arts,ma-g9-english-language-arts-u01-l01
2,ma-g9-english-language-arts,ma-g9-english-language-arts-u01-l02
3,ma-g9-english-language-arts,ma-g9-english-language-arts-u01-l03
4,ma-g9-english-language-arts,ma-g9-english-language-arts-u01-l04
5,ma-g9-english-language-arts,ma-g9-english-language-arts-u01-l05
6,ma-g9-english-language-arts,ma-g9-english-language-arts-u01-l06
7,ma-g9-english-language-arts,ma-g9-english-language-arts-u01-l07
8,ma-g9-english-language-arts,ma-g9-english-language-arts-u01-l08
9,ma-g9-english-language-arts,ma-g9-english-language-arts-u01-l09
10,ma-g9-english-language-arts,ma-g9-english-language-arts-u01-l10
11,ma-g9-english-language-arts,ma-g9-english-language-arts-u01-l11
12,ma-g9-english-language-arts,ma-g9-english-language-arts-u01-l12
13,ma-g9-english-language-arts,ma-g9-english-language-arts-u01-l13
14,ma-g9-english-language-arts,ma-g9-english-language-arts-u01-l14
15,ma-g9-english-language-arts,ma-g9-english-language-arts-u01-l15
16,ma-g9-english-language-arts,ma-g9-english-language-arts-u01-l16
17,ma-g9-english-language-arts,ma-g9-english-language-arts-u01-l17
18,ma-g9-english-language-arts,ma-g9-english-language-arts-u01-l18
19,ma-g9-english-language-arts,ma-g9-english-language-arts-u02-l01
20,ma-g9-english-language-arts,ma-g9-english-language-arts-u02-l02
21,ma-g9-english-language-arts,ma-g9-english-language-arts-u02-l03
22,ma-g9-english-language-arts,ma-g9-english-language-arts-u02-l04
23,ma-g9-english-language-arts,ma-g9-english-language-arts-u02-l05
24,ma-g9-english-language-arts,ma-g9-english-language-arts-u02-l06
25,ma-g9-english-language-arts,ma-g9-english-language-arts-u02-l07
26,ma-g9-english-language-arts,ma-g9-english-language-arts-u02-l08
27,ma-g9-english-language-arts,ma-g9-english-language-arts-u02-l09
28,ma-g9-english-language-arts,ma-g9-english-language-arts-u02-l10
29,ma-g9-english-language-arts,ma-g9-english-language-arts-u02-l11
30,ma-g9-english-language-arts,ma-g9-english-language-arts-u02-l12
31,ma-g9-english-language-arts,ma-g9-english-language-arts-u02-l13
32,ma-g9-english-language-arts,ma-g9-english-language-arts-u02-l14
33,ma-g9-english-language-arts,ma-g9-english-language-arts-u02-l15
34,ma-g9-english-language-arts,ma-g9-english-language-arts-u02-l16
35,ma-g9-english-language-arts,ma-g9-english-language-arts-u02-l17
36,ma-g9-english-language-arts,ma-g9-english-language-arts-u02-l18
37,ma-g9-english-language-arts,ma-g9-english-language-arts-u03-l01
38,ma-g9-english-language-arts,ma-g9-english-language-arts-u03-l02
39,ma-g9-english-language-arts,ma-g9-english-language-arts-u03-l03
40,ma-g9-english-language-arts,ma-g9-english-language-arts-u03-l04
41,ma-g9-english-language-arts,ma-g9-english-language-arts-u03-l05
42,ma-g9-english-language-arts,ma-g9-english-language-arts-u03-l06
43,ma-g9-english-language-arts,ma-g9-english-language-arts-u03-l07
44,ma-g9-english-language-arts,ma-g9-english-language-arts-u03-l08
45,ma-g9-english-language-arts,ma-g9-english-language-arts-u03-l09
46,ma-g9-english-language-arts,ma-g9-english-language-arts-u03-l10
47,ma-g9-english-language-arts,ma-g9-english-language-arts-u03-l11
48,ma-g9-english-language-arts,ma-g9-english-language-arts-u03-l12
49,ma-g9-english-language-arts,ma-g9-english-language-arts-u03-l13
50,ma-g9-english-language-arts,ma-g9-english-language-arts-u03-l14
51,ma-g9-english-language-arts,ma-g9-english-language-arts-u03-l15
52,ma-g9-english-language-arts,ma-g9-english-language-arts-u03-l16
53,ma-g9-english-language-arts,ma-g9-english-language-arts-u03-l17
54,ma-g9-english-language-arts,ma-g9-english-language-arts-u03-l18
55,ma-g9-english-language-arts,ma-g9-english-language-arts-u04-l01
56,ma-g9-english-language-arts,ma-g9-english-language-arts-u04-l02
57,ma-g9-english-language-arts,ma-g9-english-language-arts-u04-l03
58,ma-g9-english-language-arts,ma-g9-english-language-arts-u04-l04
59,ma-g9-english-language-arts,ma-g9-english-language-arts-u04-l05
60,ma-g9-english-language-arts,ma-g9-english-language-arts-u04-l06
61,ma-g9-english-language-arts,ma-g9-english-language-arts-u04-l07
62,ma-g9-english-language-arts,ma-g9-english-language-arts-u04-l08
63,ma-g9-english-language-arts,ma-g9-english-language-arts-u04-l09
64,ma-g9-english-language-arts,ma-g9-english-language-arts-u04-l10
65,ma-g9-english-language-arts,ma-g9-english-language-arts-u04-l11
66,ma-g9-english-language-arts,ma-g9-english-language-arts-u04-l12
67,ma-g9-english-language-arts,ma-g9-english-language-arts-u04-l13
68,ma-g9-english-language-arts,ma-g9-english-language-arts-u04-l14
69,ma-g9-english-language-arts,ma-g9-english-language-arts-u04-l15
70,ma-g9-english-language-arts,ma-g9-english-language-arts-u04-l16
71,ma-g9-english-language-arts,ma-g9-english-language-arts-u04-l17
72,ma-g9-english-language-arts,ma-g9-english-language-arts-u04-l18
73,ma-g9-english-language-arts,ma-g9-english-language-arts-u05-l01
74,ma-g9-english-language-arts,ma-g9-english-language-arts-u05-l02
75,ma-g9-english-language-arts,ma-g9-english-language-arts-u05-l03
76,ma-g9-english-language-arts,ma-g9-english-language-arts-u05-l04
77,ma-g9-english-language-arts,ma-g9-english-language-arts-u05-l05
78,ma-g9-english-language-arts,ma-g9-english-language-arts-u05-l06
79,ma-g9-english-language-arts,ma-g9-english-language-arts-u05-l07
80,ma-g9-english-language-arts,ma-g9-english-language-arts-u05-l08
81,ma-g9-english-language-arts,ma-g9-english-language-arts-u05-l09
82,ma-g9-english-language-arts,ma-g9-english-language-arts-u05-l10
83,ma-g9-english-language-arts,ma-g9-english-language-arts-u05-l11
84,ma-g9-english-language-arts,ma-g9-english-language-arts-u05-l12
85,ma-g9-english-language-arts,ma-g9-english-language-arts-u05-l13
86,ma-g9-english-language-arts,ma-g9-english-language-arts-u05-l14
87,ma-g9-english-language-arts,ma-g9-english-language-arts-u05-l15
88,ma-g9-english-language-arts,ma-g9-english-language-arts-u05-l16
89,ma-g9-english-language-arts,ma-g9-english-language-arts-u05-l17
90,ma-g9-english-language-arts,ma-g9-english-language-arts-u05-l18
91,ma-g9-english-language-arts,ma-g9-english-language-arts-u06-l01
92,ma-g9-english-language-arts,ma-g9-english-language-arts-u06-l02
93,ma-g9-english-language-arts,ma-g9-english-language-arts-u06-l03
94,ma-g9-english-language-arts,ma-g9-english-language-arts-u06-l04
95,ma-g9-english-language-arts,ma-g9-english-language-arts-u06-l05
96,ma-g9-english-language-arts,ma-g9-english-language-arts-u06-l06
97,ma-g9-english-language-arts,ma-g9-english-language-arts-u06-l07
98,ma-g9-english-language-arts,ma-g9-english-language-arts-u06-l08
99,ma-g9-english-language-arts,ma-g9-english-language-arts-u06-l09
100,ma-g9-english-language-arts,ma-g9-english-language-arts-u06-l10
101,ma-g9-english-language-arts,ma-g9-english-language-arts-u06-l11
102,ma-g9-english-language-arts,ma-g9-english-language-arts-u06-l12
103,ma-g9-english-language-arts,ma-g9-english-language-arts-u06-l13
104,ma-g9-english-language-arts,ma-g9-english-language-arts-u06-l14
105,ma-g9-english-language-arts,ma-g9-english-language-arts-u06-l15
106,ma-g9-english-language-arts,ma-g9-english-language-arts-u06-l16
107,ma-g9-english-language-arts,ma-g9-english-language-arts-u06-l17
108,ma-g9-english-language-arts,ma-g9-english-language-arts-u06-l18
109,ma-g9-english-language-arts,ma-g9-english-language-arts-u07-l01
110,ma-g9-english-language-arts,ma-g9-english-language-arts-u07-l02
111,ma-g9-english-language-arts,ma-g9-english-language-arts-u07-l03
112,ma-g9-english-language-arts,ma-g9-english-language-arts-u07-l04
113,ma-g9-english-language-arts,ma-g9-english-language-arts-u07-l05
114,ma-g9-english-language-arts,ma-g9-english-language-arts-u07-l06
115,ma-g9-english-language-arts,ma-g9-english-language-arts-u07-l07
116,ma-g9-english-language-arts,ma-g9-english-language-arts-u07-l08
117,ma-g9-english-language-arts,ma-g9-english-language-arts-u07-l09
118,ma-g9-english-language-arts,ma-g9-english-language-arts-u07-l10
119,ma-g9-english-language-arts,ma-g9-english-language-arts-u07-l11
120,ma-g9-english-language-arts,ma-g9-english-language-arts-u07-l12
121,ma-g9-english-language-arts,ma-g9-english-language-arts-u07-l13
122,ma-g9-english-language-arts,ma-g9-english-language-arts-u07-l14
123,ma-g9-english-language-arts,ma-g9-english-language-arts-u07-l15
124,ma-g9-english-language-arts,ma-g9-english-language-arts-u07-l16
125,ma-g9-english-language-arts,ma-g9-english-language-arts-u07-l17
126,ma-g9-english-language-arts,ma-g9-english-language-arts-u07-l18
127,ma-g9-english-language-arts,ma-g9-english-language-arts-u08-l01
128,ma-g9-english-language-arts,ma-g9-english-language-arts-u08-l02
129,ma-g9-english-language-arts,ma-g9-english-language-arts-u08-l03
130,ma-g9-english-language-arts,ma-g9-english-language-arts-u08-l04
131,ma-g9-english-language-arts,ma-g9-english-language-arts-u08-l05
132,ma-g9-english-language-arts,ma-g9-english-language-arts-u08-l06
133,ma-g9-english-language-arts,ma-g9-english-language-arts-u08-l07
134,ma-g9-english-language-arts,ma-g9-english-language-arts-u08-l08
135,ma-g9-english-language-arts,ma-g9-english-language-arts-u08-l09
136,ma-g9-english-language-arts,ma-g9-english-language-arts-u08-l10
137,ma-g9-english-language-arts,ma-g9-english-language-arts-u08-l11
138,ma-g9-english-language-arts,ma-g9-english-language-arts-u08-l12
139,ma-g9-english-language-arts,ma-g9-english-language-arts-u08-l13
140,ma-g9-english-language-arts,ma-g9-english-language-arts-u08-l14
141,ma-g9-english-language-arts,ma-g9-english-language-arts-u08-l15
142,ma-g9-english-language-arts,ma-g9-english-language-arts-u08-l16
143,ma-g9-english-language-arts,ma-g9-english-language-arts-u08-l17
144,ma-g9-english-language-arts,ma-g9-english-language-arts-u08-l18
145,ma-g9-english-language-arts,ma-g9-english-language-arts-u09-l01
146,ma-g9-english-language-arts,ma-g9-english-language-arts-u09-l02
147,ma-g9-english-language-arts,ma-g9-english-language-arts-u09-l03
148,ma-g9-english-language-arts,ma-g9-english-language-arts-u09-l04
149,ma-g9-english-language-arts,ma-g9-english-language-arts-u09-l05
150,ma-g9-english-language-arts,ma-g9-english-language-arts-u09-l06
151,ma-g9-english-language-arts,ma-g9-english-language-arts-u09-l07
152,ma-g9-english-language-arts,ma-g9-english-language-arts-u09-l08
153,ma-g9-english-language-arts,ma-g9-english-language-arts-u09-l09
154,ma-g9-english-language-arts,ma-g9-english-language-arts-u09-l10
155,ma-g9-english-language-arts,ma-g9-english-language-arts-u09-l11
156,ma-g9-english-language-arts,ma-g9-english-language-arts-u09-l12
157,ma-g9-english-language-arts,ma-g9-english-language-arts-u09-l13
158,ma-g9-english-language-arts,ma-g9-english-language-arts-u09-l14
159,ma-g9-english-language-arts,ma-g9-english-language-arts-u09-l15
160,ma-g9-english-language-arts,ma-g9-english-language-arts-u09-l16
161,ma-g9-english-language-arts,ma-g9-english-language-arts-u09-l17
162,ma-g9-english-language-arts,ma-g9-english-language-arts-u09-l18
163,ma-g9-english-language-arts,ma-g9-english-language-arts-u10-l01
164,ma-g9-english-language-arts,ma-g9-english-language-arts-u10-l02
165,ma-g9-english-language-arts,ma-g9-english-language-arts-u10-l03
166,ma-g9-english-language-arts,ma-g9-english-language-arts-u10-l04
167,ma-g9-english-language-arts,ma-g9-english-language-arts-u10-l05
168,ma-g9-english-language-arts,ma-g9-english-language-arts-u10-l06
169,ma-g9-english-language-arts,ma-g9-english-language-arts-u10-l07
170,ma-g9-english-language-arts,ma-g9-english-language-arts-u10-l08
171,ma-g9-english-language-arts,ma-g9-english-language-arts-u10-l09
172,ma-g9-english-language-arts,ma-g9-english-language-arts-u10-l10
173,ma-g9-english-language-arts,ma-g9-english-language-arts-u10-l11
174,ma-g9-english-language-arts,ma-g9-english-language-arts-u10-l12
175,ma-g9-english-language-arts,ma-g9-english-language-arts-u10-l13
176,ma-g9-english-language-arts,ma-g9-english-language-arts-u10-l14
177,ma-g9-english-language-arts,ma-g9-english-language-arts-u10-l15
178,ma-g9-english-language-arts,ma-g9-english-language-arts-u10-l16
179,ma-g9-english-language-arts,ma-g9-english-language-arts-u10-l17
180,ma-g9-english-language-arts,ma-g9-english-language-arts-u10-l18
1,ma-g9-financial-literacy,ma-g9-financial-literacy-u01-l01
2,ma-g9-financial-literacy,ma-g9-financial-literacy-u01-l02
3,ma-g9-financial-literacy,ma-g9-financial-literacy-u01-l03
4,ma-g9-financial-literacy,ma-g9-financial-literacy-u01-l04
5,ma-g9-financial-literacy,ma-g9-financial-literacy-u01-l05
6,ma-g9-financial-literacy,ma-g9-financial-literacy-u01-l06
7,ma-g9-financial-literacy,ma-g9-financial-literacy-u01-l07
8,ma-g9-financial-literacy,ma-g9-financial-literacy-u01-l08
9,ma-g9-financial-literacy,ma-g9-financial-literacy-u01-l09
10,ma-g9-financial-literacy,ma-g9-financial-literacy-u01-l10
11,ma-g9-financial-literacy,ma-g9-financial-literacy-u02-l01
12,ma-g9-financial-literacy,ma-g9-financial-literacy-u02-l02
13,ma-g9-financial-literacy,ma-g9-financial-literacy-u02-l03
14,ma-g9-financial-literacy,ma-g9-financial-literacy-u02-l04
15,ma-g9-financial-literacy,ma-g9-financial-literacy-u02-l05
16,ma-g9-financial-literacy,ma-g9-financial-literacy-u02-l06
17,ma-g9-financial-literacy,ma-g9-financial-literacy-u02-l07
18,ma-g9-financial-literacy,ma-g9-financial-literacy-u02-l08
19,ma-g9-financial-literacy,ma-g9-financial-literacy-u02-l09
20,ma-g9-financial-literacy,ma-g9-financial-literacy-u02-l10
21,ma-g9-financial-literacy,ma-g9-financial-literacy-u03-l01
22,ma-g9-financial-literacy,ma-g9-financial-literacy-u03-l02
23,ma-g9-financial-literacy,ma-g9-financial-literacy-u03-l03
24,ma-g9-financial-literacy,ma-g9-financial-literacy-u03-l04
25,ma-g9-financial-literacy,ma-g9-financial-literacy-u03-l05
26,ma-g9-financial-literacy,ma-g9-financial-literacy-u03-l06
27,ma-g9-financial-literacy,ma-g9-financial-literacy-u03-l07
28,ma-g9-financial-literacy,ma-g9-financial-literacy-u03-l08
29,ma-g9-financial-literacy,ma-g9-financial-literacy-u03-l09
30,ma-g9-financial-literacy,ma-g9-financial-literacy-u03-l10
31,ma-g9-financial-literacy,ma-g9-financial-literacy-u04-l01
32,ma-g9-financial-literacy,ma-g9-financial-literacy-u04-l02
33,ma-g9-financial-literacy,ma-g9-financial-literacy-u04-l03
34,ma-g9-financial-literacy,ma-g9-financial-literacy-u04-l04
35,ma-g9-financial-literacy,ma-g9-financial-literacy-u04-l05
36,ma-g9-financial-literacy,ma-g9-financial-literacy-u04-l06
37,ma-g9-financial-literacy,ma-g9-financial-literacy-u04-l07
38,ma-g9-financial-literacy,ma-g9-financial-literacy-u04-l08
39,ma-g9-financial-literacy,ma-g9-financial-literacy-u04-l09
40,ma-g9-financial-literacy,ma-g9-financial-literacy-u04-l10
41,ma-g9-financial-literacy,ma-g9-financial-literacy-u04-l11
42,ma-g9-financial-literacy,ma-g9-financial-literacy-u05-l01
43,ma-g9-financial-literacy,ma-g9-financial-literacy-u05-l02
44,ma-g9-financial-literacy,ma-g9-financial-literacy-u05-l03
45,ma-g9-financial-literacy,ma-g9-financial-literacy-u05-l04
46,ma-g9-financial-literacy,ma-g9-financial-literacy-u05-l05
47,ma-g9-financial-literacy,ma-g9-financial-literacy-u05-l06
48,ma-g9-financial-literacy,ma-g9-financial-literacy-u05-l07
49,ma-g9-financial-literacy,ma-g9-financial-literacy-u05-l08
50,ma-g9-financial-literacy,ma-g9-financial-literacy-u05-l09
51,ma-g9-financial-literacy,ma-g9-financial-literacy-u05-l10
52,ma-g9-financial-literacy,ma-g9-financial-literacy-u06-l01
53,ma-g9-financial-literacy,ma-g9-financial-literacy-u06-l02
54,ma-g9-financial-literacy,ma-g9-financial-literacy-u06-l03
55,ma-g9-financial-literacy,ma-g9-financial-literacy-u06-l04
56,ma-g9-financial-literacy,ma-g9-financial-literacy-u06-l05
57,ma-g9-financial-literacy,ma-g9-financial-literacy-u06-l06
58,ma-g9-financial-literacy,ma-g9-financial-literacy-u06-l07
59,ma-g9-financial-literacy,ma-g9-financial-literacy-u06-l08
60,ma-g9-financial-literacy,ma-g9-financial-literacy-u06-l09
61,ma-g9-financial-literacy,ma-g9-financial-literacy-u06-l10
62,ma-g9-financial-literacy,ma-g9-financial-literacy-u07-l01
63,ma-g9-financial-literacy,ma-g9-financial-literacy-u07-l02
64,ma-g9-financial-literacy,ma-g9-financial-literacy-u07-l03
65,ma-g9-financial-literacy,ma-g9-financial-literacy-u07-l04
66,ma-g9-financial-literacy,ma-g9-financial-literacy-u07-l05
67,ma-g9-financial-literacy,ma-g9-financial-literacy-u07-l06
68,ma-g9-financial-literacy,ma-g9-financial-literacy-u07-l07
69,ma-g9-financial-literacy,ma-g9-financial-literacy-u07-l08
70,ma-g9-financial-literacy,ma-g9-financial-literacy-u07-l09
71,ma-g9-financial-literacy,ma-g9-financial-literacy-u07-l10
72,ma-g9-financial-literacy,ma-g9-financial-literacy-u07-l11
1,ma-g9-health,ma-g9-health-u01-l01
2,ma-g9-health,ma-g9-health-u01-l02
3,ma-g9-health,ma-g9-health-u01-l03
4,ma-g9-health,ma-g9-health-u01-l04
5,ma-g9-health,ma-g9-health-u01-l05
6,ma-g9-health,ma-g9-health-u01-l06
7,ma-g9-health,ma-g9-health-u02-l01
8,ma-g9-health,ma-g9-health-u02-l02
9,ma-g9-health,ma-g9-health-u02-l03
10,ma-g9-health,ma-g9-health-u02-l04
11,ma-g9-health,ma-g9-health-u02-l05
12,ma-g9-health,ma-g9-health-u02-l06
13,ma-g9-health,ma-g9-health-u03-l01
14,ma-g9-health,ma-g9-health-u03-l02
15,ma-g9-health,ma-g9-health-u03-l03
16,ma-g9-health,ma-g9-health-u03-l04
17,ma-g9-health,ma-g9-health-u03-l05
18,ma-g9-health,ma-g9-health-u03-l06
19,ma-g9-health,ma-g9-health-u04-l01
20,ma-g9-health,ma-g9-health-u04-l02
21,ma-g9-health,ma-g9-health-u04-l03
22,ma-g9-health,ma-g9-health-u04-l04
23,ma-g9-health,ma-g9-health-u04-l05
24,ma-g9-health,ma-g9-health-u04-l06
25,ma-g9-health,ma-g9-health-u05-l01
26,ma-g9-health,ma-g9-health-u05-l02
27,ma-g9-health,ma-g9-health-u05-l03
28,ma-g9-health,ma-g9-health-u05-l04
29,ma-g9-health,ma-g9-health-u05-l05
30,ma-g9-health,ma-g9-health-u05-l06
31,ma-g9-health,ma-g9-health-u06-l01
32,ma-g9-health,ma-g9-health-u06-l02
33,ma-g9-health,ma-g9-health-u06-l03
34,ma-g9-health,ma-g9-health-u06-l04
35,ma-g9-health,ma-g9-health-u06-l05
36,ma-g9-health,ma-g9-health-u06-l06
1,ma-g9-mathematics,ma-g9-mathematics-u01-l01
2,ma-g9-mathematics,ma-g9-mathematics-u01-l02
3,ma-g9-mathematics,ma-g9-mathematics-u01-l03
4,ma-g9-mathematics,ma-g9-mathematics-u01-l04
5,ma-g9-mathematics,ma-g9-mathematics-u01-l05
6,ma-g9-mathematics,ma-g9-mathematics-u01-l06
7,ma-g9-mathematics,ma-g9-mathematics-u01-l07
8,ma-g9-mathematics,ma-g9-mathematics-u01-l08
9,ma-g9-mathematics,ma-g9-mathematics-u01-l09
10,ma-g9-mathematics,ma-g9-mathematics-u01-l10
11,ma-g9-mathematics,ma-g9-mathematics-u01-l11
12,ma-g9-mathematics,ma-g9-mathematics-u01-l12
13,ma-g9-mathematics,ma-g9-mathematics-u01-l13
14,ma-g9-mathematics,ma-g9-mathematics-u01-l14
15,ma-g9-mathematics,ma-g9-mathematics-u01-l15
16,ma-g9-mathematics,ma-g9-mathematics-u01-l16
17,ma-g9-mathematics,ma-g9-mathematics-u01-l17
18,ma-g9-mathematics,ma-g9-mathematics-u01-l18
19,ma-g9-mathematics,ma-g9-mathematics-u02-l01
20,ma-g9-mathematics,ma-g9-mathematics-u02-l02
21,ma-g9-mathematics,ma-g9-mathematics-u02-l03
22,ma-g9-mathematics,ma-g9-mathematics-u02-l04
23,ma-g9-mathematics,ma-g9-mathematics-u02-l05
24,ma-g9-mathematics,ma-g9-mathematics-u02-l06
25,ma-g9-mathematics,ma-g9-mathematics-u02-l07
26,ma-g9-mathematics,ma-g9-mathematics-u02-l08
27,ma-g9-mathematics,ma-g9-mathematics-u02-l09
28,ma-g9-mathematics,ma-g9-mathematics-u02-l10
29,ma-g9-mathematics,ma-g9-mathematics-u02-l11
30,ma-g9-mathematics,ma-g9-mathematics-u02-l12
31,ma-g9-mathematics,ma-g9-mathematics-u02-l13
32,ma-g9-mathematics,ma-g9-mathematics-u02-l14
33,ma-g9-mathematics,ma-g9-mathematics-u02-l15
34,ma-g9-mathematics,ma-g9-mathematics-u02-l16
35,ma-g9-mathematics,ma-g9-mathematics-u02-l17
36,ma-g9-mathematics,ma-g9-mathematics-u02-l18
37,ma-g9-mathematics,ma-g9-mathematics-u03-l01
38,ma-g9-mathematics,ma-g9-mathematics-u03-l02
39,ma-g9-mathematics,ma-g9-mathematics-u03-l03
40,ma-g9-mathematics,ma-g9-mathematics-u03-l04
41,ma-g9-mathematics,ma-g9-mathematics-u03-l05
42,ma-g9-mathematics,ma-g9-mathematics-u03-l06
43,ma-g9-mathematics,ma-g9-mathematics-u03-l07
44,ma-g9-mathematics,ma-g9-mathematics-u03-l08
45,ma-g9-mathematics,ma-g9-mathematics-u03-l09
46,ma-g9-mathematics,ma-g9-mathematics-u03-l10
47,ma-g9-mathematics,ma-g9-mathematics-u03-l11
48,ma-g9-mathematics,ma-g9-mathematics-u03-l12
49,ma-g9-mathematics,ma-g9-mathematics-u03-l13
50,ma-g9-mathematics,ma-g9-mathematics-u03-l14
51,ma-g9-mathematics,ma-g9-mathematics-u03-l15
52,ma-g9-mathematics,ma-g9-mathematics-u03-l16
53,ma-g9-mathematics,ma-g9-mathematics-u03-l17
54,ma-g9-mathematics,ma-g9-mathematics-u03-l18
55,ma-g9-mathematics,ma-g9-mathematics-u04-l01
56,ma-g9-mathematics,ma-g9-mathematics-u04-l02
57,ma-g9-mathematics,ma-g9-mathematics-u04-l03
58,ma-g9-mathematics,ma-g9-mathematics-u04-l04
59,ma-g9-mathematics,ma-g9-mathematics-u04-l05
60,ma-g9-mathematics,ma-g9-mathematics-u04-l06
61,ma-g9-mathematics,ma-g9-mathematics-u04-l07
62,ma-g9-mathematics,ma-g9-mathematics-u04-l08
63,ma-g9-mathematics,ma-g9-mathematics-u04-l09
64,ma-g9-mathematics,ma-g9-mathematics-u04-l10
65,ma-g9-mathematics,ma-g9-mathematics-u04-l11
66,ma-g9-mathematics,ma-g9-mathematics-u04-l12
67,ma-g9-mathematics,ma-g9-mathematics-u04-l13
68,ma-g9-mathematics,ma-g9-mathematics-u04-l14
69,ma-g9-mathematics,ma-g9-mathematics-u04-l15
70,ma-g9-mathematics,ma-g9-mathematics-u04-l16
71,ma-g9-mathematics,ma-g9-mathematics-u04-l17
72,ma-g9-mathematics,ma-g9-mathematics-u04-l18
73,ma-g9-mathematics,ma-g9-mathematics-u05-l01
74,ma-g9-mathematics,ma-g9-mathematics-u05-l02
75,ma-g9-mathematics,ma-g9-mathematics-u05-l03
76,ma-g9-mathematics,ma-g9-mathematics-u05-l04
77,ma-g9-mathematics,ma-g9-mathematics-u05-l05
78,ma-g9-mathematics,ma-g9-mathematics-u05-l06
79,ma-g9-mathematics,ma-g9-mathematics-u05-l07
80,ma-g9-mathematics,ma-g9-mathematics-u05-l08
81,ma-g9-mathematics,ma-g9-mathematics-u05-l09
82,ma-g9-mathematics,ma-g9-mathematics-u05-l10
83,ma-g9-mathematics,ma-g9-mathematics-u05-l11
84,ma-g9-mathematics,ma-g9-mathematics-u05-l12
85,ma-g9-mathematics,ma-g9-mathematics-u05-l13
86,ma-g9-mathematics,ma-g9-mathematics-u05-l14
87,ma-g9-mathematics,ma-g9-mathematics-u05-l15
88,ma-g9-mathematics,ma-g9-mathematics-u05-l16
89,ma-g9-mathematics,ma-g9-mathematics-u05-l17
90,ma-g9-mathematics,ma-g9-mathematics-u05-l18
91,ma-g9-mathematics,ma-g9-mathematics-u06-l01
92,ma-g9-mathematics,ma-g9-mathematics-u06-l02
93,ma-g9-mathematics,ma-g9-mathematics-u06-l03
94,ma-g9-mathematics,ma-g9-mathematics-u06-l04
95,ma-g9-mathematics,ma-g9-mathematics-u06-l05
96,ma-g9-mathematics,ma-g9-mathematics-u06-l06
97,ma-g9-mathematics,ma-g9-mathematics-u06-l07
98,ma-g9-mathematics,ma-g9-mathematics-u06-l08
99,ma-g9-mathematics,ma-g9-mathematics-u06-l09
100,ma-g9-mathematics,ma-g9-mathematics-u06-l10
101,ma-g9-mathematics,ma-g9-mathematics-u06-l11
102,ma-g9-mathematics,ma-g9-mathematics-u06-l12
103,ma-g9-mathematics,ma-g9-mathematics-u06-l13
104,ma-g9-mathematics,ma-g9-mathematics-u06-l14
105,ma-g9-mathematics,ma-g9-mathematics-u06-l15
106,ma-g9-mathematics,ma-g9-mathematics-u06-l16
107,ma-g9-mathematics,ma-g9-mathematics-u06-l17
108,ma-g9-mathematics,ma-g9-mathematics-u06-l18
109,ma-g9-mathematics,ma-g9-mathematics-u07-l01
110,ma-g9-mathematics,ma-g9-mathematics-u07-l02
111,ma-g9-mathematics,ma-g9-mathematics-u07-l03
112,ma-g9-mathematics,ma-g9-mathematics-u07-l04
113,ma-g9-mathematics,ma-g9-mathematics-u07-l05
114,ma-g9-mathematics,ma-g9-mathematics-u07-l06
115,ma-g9-mathematics,ma-g9-mathematics-u07-l07
116,ma-g9-mathematics,ma-g9-mathematics-u07-l08
117,ma-g9-mathematics,ma-g9-mathematics-u07-l09
118,ma-g9-mathematics,ma-g9-mathematics-u07-l10
119,ma-g9-mathematics,ma-g9-mathematics-u07-l11
120,ma-g9-mathematics,ma-g9-mathematics-u07-l12
121,ma-g9-mathematics,ma-g9-mathematics-u07-l13
122,ma-g9-mathematics,ma-g9-mathematics-u07-l14
123,ma-g9-mathematics,ma-g9-mathematics-u07-l15
124,ma-g9-mathematics,ma-g9-mathematics-u07-l16
125,ma-g9-mathematics,ma-g9-mathematics-u07-l17
126,ma-g9-mathematics,ma-g9-mathematics-u07-l18
127,ma-g9-mathematics,ma-g9-mathematics-u08-l01
128,ma-g9-mathematics,ma-g9-mathematics-u08-l02
129,ma-g9-mathematics,ma-g9-mathematics-u08-l03
130,ma-g9-mathematics,ma-g9-mathematics-u08-l04
131,ma-g9-mathematics,ma-g9-mathematics-u08-l05
132,ma-g9-mathematics,ma-g9-mathematics-u08-l06
133,ma-g9-mathematics,ma-g9-mathematics-u08-l07
134,ma-g9-mathematics,ma-g9-mathematics-u08-l08
135,ma-g9-mathematics,ma-g9-mathematics-u08-l09
136,ma-g9-mathematics,ma-g9-mathematics-u08-l10
137,ma-g9-mathematics,ma-g9-mathematics-u08-l11
138,ma-g9-mathematics,ma-g9-mathematics-u08-l12
139,ma-g9-mathematics,ma-g9-mathematics-u08-l13
140,ma-g9-mathematics,ma-g9-mathematics-u08-l14
141,ma-g9-mathematics,ma-g9-mathematics-u08-l15
142,ma-g9-mathematics,ma-g9-mathematics-u08-l16
143,ma-g9-mathematics,ma-g9-mathematics-u08-l17
144,ma-g9-mathematics,ma-g9-mathematics-u08-l18
145,ma-g9-mathematics,ma-g9-mathematics-u09-l01
146,ma-g9-mathematics,ma-g9-mathematics-u09-l02
147,ma-g9-mathematics,ma-g9-mathematics-u09-l03
148,ma-g9-mathematics,ma-g9-mathematics-u09-l04
149,ma-g9-mathematics,ma-g9-mathematics-u09-l05
150,ma-g9-mathematics,ma-g9-mathematics-u09-l06
151,ma-g9-mathematics,ma-g9-mathematics-u09-l07
152,ma-g9-mathematics,ma-g9-mathematics-u09-l08
153,ma-g9-mathematics,ma-g9-mathematics-u09-l09
154,ma-g9-mathematics,ma-g9-mathematics-u09-l10
155,ma-g9-mathematics,ma-g9-mathematics-u09-l11
156,ma-g9-mathematics,ma-g9-mathematics-u09-l12
157,ma-g9-mathematics,ma-g9-mathematics-u09-l13
158,ma-g9-mathematics,ma-g9-mathematics-u09-l14
159,ma-g9-mathematics,ma-g9-mathematics-u09-l15
160,ma-g9-mathematics,ma-g9-mathematics-u09-l16
161,ma-g9-mathematics,ma-g9-mathematics-u09-l17
162,ma-g9-mathematics,ma-g9-mathematics-u09-l18
163,ma-g9-mathematics,ma-g9-mathematics-u10-l01
164,ma-g9-mathematics,ma-g9-mathematics-u10-l02
165,ma-g9-mathematics,ma-g9-mathematics-u10-l03
166,ma-g9-mathematics,ma-g9-mathematics-u10-l04
167,ma-g9-mathematics,ma-g9-mathematics-u10-l05
168,ma-g9-mathematics,ma-g9-mathematics-u10-l06
169,ma-g9-mathematics,ma-g9-mathematics-u10-l07
170,ma-g9-mathematics,ma-g9-mathematics-u10-l08
171,ma-g9-mathematics,ma-g9-mathematics-u10-l09
172,ma-g9-mathematics,ma-g9-mathematics-u10-l10
173,ma-g9-mathematics,ma-g9-mathematics-u10-l11
174,ma-g9-mathematics,ma-g9-mathematics-u10-l12
175,ma-g9-mathematics,ma-g9-mathematics-u10-l13
176,ma-g9-mathematics,ma-g9-mathematics-u10-l14
177,ma-g9-mathematics,ma-g9-mathematics-u10-l15
178,ma-g9-mathematics,ma-g9-mathematics-u10-l16
179,ma-g9-mathematics,ma-g9-mathematics-u10-l17
180,ma-g9-mathematics,ma-g9-mathematics-u10-l18
1,ma-g9-physical-education,ma-g9-physical-education-u01-l01
2,ma-g9-physical-education,ma-g9-physical-education-u01-l02
3,ma-g9-physical-education,ma-g9-physical-education-u01-l03
4,ma-g9-physical-education,ma-g9-physical-education-u01-l04
5,ma-g9-physical-education,ma-g9-physical-education-u01-l05
6,ma-g9-physical-education,ma-g9-physical-education-u01-l06
7,ma-g9-physical-education,ma-g9-physical-education-u01-l07
8,ma-g9-physical-education,ma-g9-physical-education-u01-l08
9,ma-g9-physical-education,ma-g9-physical-education-u01-l09
10,ma-g9-physical-education,ma-g9-physical-education-u01-l10
11,ma-g9-physical-education,ma-g9-physical-education-u01-l11
12,ma-g9-physical-education,ma-g9-physical-education-u01-l12
13,ma-g9-physical-education,ma-g9-physical-education-u02-l01
14,ma-g9-physical-education,ma-g9-physical-education-u02-l02
15,ma-g9-physical-education,ma-g9-physical-education-u02-l03
16,ma-g9-physical-education,ma-g9-physical-education-u02-l04
17,ma-g9-physical-education,ma-g9-physical-education-u02-l05
18,ma-g9-physical-education,ma-g9-physical-education-u02-l06
19,ma-g9-physical-education,ma-g9-physical-education-u02-l07
20,ma-g9-physical-education,ma-g9-physical-education-u02-l08
21,ma-g9-physical-education,ma-g9-physical-education-u02-l09
22,ma-g9-physical-education,ma-g9-physical-education-u02-l10
23,ma-g9-physical-education,ma-g9-physical-education-u02-l11
24,ma-g9-physical-education,ma-g9-physical-education-u02-l12
25,ma-g9-physical-education,ma-g9-physical-education-u03-l01
26,ma-g9-physical-education,ma-g9-physical-education-u03-l02
27,ma-g9-physical-education,ma-g9-physical-education-u03-l03
28,ma-g9-physical-education,ma-g9-physical-education-u03-l04
29,ma-g9-physical-education,ma-g9-physical-education-u03-l05
30,ma-g9-physical-education,ma-g9-physical-education-u03-l06
31,ma-g9-physical-education,ma-g9-physical-education-u03-l07
32,ma-g9-physical-education,ma-g9-physical-education-u03-l08
33,ma-g9-physical-education,ma-g9-physical-education-u03-l09
34,ma-g9-physical-education,ma-g9-physical-education-u03-l10
35,ma-g9-physical-education,ma-g9-physical-education-u03-l11
36,ma-g9-physical-education,ma-g9-physical-education-u03-l12
37,ma-g9-physical-education,ma-g9-physical-education-u04-l01
38,ma-g9-physical-education,ma-g9-physical-education-u04-l02
39,ma-g9-physical-education,ma-g9-physical-education-u04-l03
40,ma-g9-physical-education,ma-g9-physical-education-u04-l04
41,ma-g9-physical-education,ma-g9-physical-education-u04-l05
42,ma-g9-physical-education,ma-g9-physical-education-u04-l06
43,ma-g9-physical-education,ma-g9-physical-education-u04-l07
44,ma-g9-physical-education,ma-g9-physical-education-u04-l08
45,ma-g9-physical-education,ma-g9-physical-education-u04-l09
46,ma-g9-physical-education,ma-g9-physical-education-u04-l10
47,ma-g9-physical-education,ma-g9-physical-education-u04-l11
48,ma-g9-physical-education,ma-g9-physical-education-u04-l12
49,ma-g9-physical-education,ma-g9-physical-education-u05-l01
50,ma-g9-physical-education,ma-g9-physical-education-u05-l02
51,ma-g9-physical-education,ma-g9-physical-education-u05-l03
52,ma-g9-physical-education,ma-g9-physical-education-u05-l04
53,ma-g9-physical-education,ma-g9-physical-education-u05-l05
54,ma-g9-physical-education,ma-g9-physical-education-u05-l06
55,ma-g9-physical-education,ma-g9-physical-education-u05-l07
56,ma-g9-physical-education,ma-g9-physical-education-u05-l08
57,ma-g9-physical-education,ma-g9-physical-education-u05-l09
58,ma-g9-physical-education,ma-g9-physical-education-u05-l10
59,ma-g9-physical-education,ma-g9-physical-education-u05-l11
60,ma-g9-physical-education,ma-g9-physical-education-u05-l12
61,ma-g9-physical-education,ma-g9-physical-education-u06-l01
62,ma-g9-physical-education,ma-g9-physical-education-u06-l02
63,ma-g9-physical-education,ma-g9-physical-education-u06-l03
64,ma-g9-physical-education,ma-g9-physical-education-u06-l04
65,ma-g9-physical-education,ma-g9-physical-education-u06-l05
66,ma-g9-physical-education,ma-g9-physical-education-u06-l06
67,ma-g9-physical-education,ma-g9-physical-education-u06-l07
68,ma-g9-physical-education,ma-g9-physical-education-u06-l08
69,ma-g9-physical-education,ma-g9-physical-education-u06-l09
70,ma-g9-physical-education,ma-g9-physical-education-u06-l10
71,ma-g9-physical-education,ma-g9-physical-education-u06-l11
72,ma-g9-physical-education,ma-g9-physical-education-u06-l12
73,ma-g9-physical-education,ma-g9-physical-education-u07-l01
74,ma-g9-physical-education,ma-g9-physical-education-u07-l02
75,ma-g9-physical-education,ma-g9-physical-education-u07-l03
76,ma-g9-physical-education,ma-g9-physical-education-u07-l04
77,ma-g9-physical-education,ma-g9-physical-education-u07-l05
78,ma-g9-physical-education,ma-g9-physical-education-u07-l06
79,ma-g9-physical-education,ma-g9-physical-education-u07-l07
80,ma-g9-physical-education,ma-g9-physical-education-u07-l08
81,ma-g9-physical-education,ma-g9-physical-education-u07-l09
82,ma-g9-physical-education,ma-g9-physical-education-u07-l10
83,ma-g9-physical-education,ma-g9-physical-education-u07-l11
84,ma-g9-physical-education,ma-g9-physical-education-u07-l12
85,ma-g9-physical-education,ma-g9-physical-education-u08-l01
86,ma-g9-physical-education,ma-g9-physical-education-u08-l02
87,ma-g9-physical-education,ma-g9-physical-education-u08-l03
88,ma-g9-physical-education,ma-g9-physical-education-u08-l04
89,ma-g9-physical-education,ma-g9-physical-education-u08-l05
90,ma-g9-physical-education,ma-g9-physical-education-u08-l06
91,ma-g9-physical-education,ma-g9-physical-education-u08-l07
92,ma-g9-physical-education,ma-g9-physical-education-u08-l08
93,ma-g9-physical-education,ma-g9-physical-education-u08-l09
94,ma-g9-physical-education,ma-g9-physical-education-u08-l10
95,ma-g9-physical-education,ma-g9-physical-education-u08-l11
96,ma-g9-physical-education,ma-g9-physical-education-u08-l12
97,ma-g9-physical-education,ma-g9-physical-education-u09-l01
98,ma-g9-physical-education,ma-g9-physical-education-u09-l02
99,ma-g9-physical-education,ma-g9-physical-education-u09-l03
100,ma-g9-physical-education,ma-g9-physical-education-u09-l04
101,ma-g9-physical-education,ma-g9-physical-education-u09-l05
102,ma-g9-physical-education,ma-g9-physical-education-u09-l06
103,ma-g9-physical-education,ma-g9-physical-education-u09-l07
104,ma-g9-physical-education,ma-g9-physical-education-u09-l08
105,ma-g9-physical-education,ma-g9-physical-education-u09-l09
106,ma-g9-physical-education,ma-g9-physical-education-u09-l10
107,ma-g9-physical-education,ma-g9-physical-education-u09-l11
108,ma-g9-physical-education,ma-g9-physical-education-u09-l12
1,ma-g9-ready-for-life,ma-g9-ready-for-life-u01-l01
2,ma-g9-ready-for-life,ma-g9-ready-for-life-u01-l02
3,ma-g9-ready-for-life,ma-g9-ready-for-life-u01-l03
4,ma-g9-ready-for-life,ma-g9-ready-for-life-u01-l04
5,ma-g9-ready-for-life,ma-g9-ready-for-life-u01-l05
6,ma-g9-ready-for-life,ma-g9-ready-for-life-u01-l06
7,ma-g9-ready-for-life,ma-g9-ready-for-life-u02-l01
8,ma-g9-ready-for-life,ma-g9-ready-for-life-u02-l02
9,ma-g9-ready-for-life,ma-g9-ready-for-life-u02-l03
10,ma-g9-ready-for-life,ma-g9-ready-for-life-u02-l04
11,ma-g9-ready-for-life,ma-g9-ready-for-life-u02-l05
12,ma-g9-ready-for-life,ma-g9-ready-for-life-u02-l06
13,ma-g9-ready-for-life,ma-g9-ready-for-life-u03-l01
14,ma-g9-ready-for-life,ma-g9-ready-for-life-u03-l02
15,ma-g9-ready-for-life,ma-g9-ready-for-life-u03-l03
16,ma-g9-ready-for-life,ma-g9-ready-for-life-u03-l04
17,ma-g9-ready-for-life,ma-g9-ready-for-life-u03-l05
18,ma-g9-ready-for-life,ma-g9-ready-for-life-u03-l06
19,ma-g9-ready-for-life,ma-g9-ready-for-life-u04-l01
20,ma-g9-ready-for-life,ma-g9-ready-for-life-u04-l02
21,ma-g9-ready-for-life,ma-g9-ready-for-life-u04-l03
22,ma-g9-ready-for-life,ma-g9-ready-for-life-u04-l04
23,ma-g9-ready-for-life,ma-g9-ready-for-life-u04-l05
24,ma-g9-ready-for-life,ma-g9-ready-for-life-u04-l06
25,ma-g9-ready-for-life,ma-g9-ready-for-life-u05-l01
26,ma-g9-ready-for-life,ma-g9-ready-for-life-u05-l02
27,ma-g9-ready-for-life,ma-g9-ready-for-life-u05-l03
28,ma-g9-ready-for-life,ma-g9-ready-for-life-u05-l04
29,ma-g9-ready-for-life,ma-g9-ready-for-life-u05-l05
30,ma-g9-ready-for-life,ma-g9-ready-for-life-u05-l06
31,ma-g9-ready-for-life,ma-g9-ready-for-life-u06-l01
32,ma-g9-ready-for-life,ma-g9-ready-for-life-u06-l02
33,ma-g9-ready-for-life,ma-g9-ready-for-life-u06-l03
34,ma-g9-ready-for-life,ma-g9-ready-for-life-u06-l04
35,ma-g9-ready-for-life,ma-g9-ready-for-life-u06-l05
36,ma-g9-ready-for-life,ma-g9-ready-for-life-u06-l06
1,ma-g9-social-studies,ma-g9-social-studies-u01-l01
2,ma-g9-social-studies,ma-g9-social-studies-u01-l02
3,ma-g9-social-studies,ma-g9-social-studies-u01-l03
4,ma-g9-social-studies,ma-g9-social-studies-u01-l04
5,ma-g9-social-studies,ma-g9-social-studies-u01-l05
6,ma-g9-social-studies,ma-g9-social-studies-u01-l06
7,ma-g9-social-studies,ma-g9-social-studies-u01-l07
8,ma-g9-social-studies,ma-g9-social-studies-u01-l08
9,ma-g9-social-studies,ma-g9-social-studies-u01-l09
10,ma-g9-social-studies,ma-g9-social-studies-u01-l10
11,ma-g9-social-studies,ma-g9-social-studies-u01-l11
12,ma-g9-social-studies,ma-g9-social-studies-u01-l12
13,ma-g9-social-studies,ma-g9-social-studies-u02-l01
14,ma-g9-social-studies,ma-g9-social-studies-u02-l02
15,ma-g9-social-studies,ma-g9-social-studies-u02-l03
16,ma-g9-social-studies,ma-g9-social-studies-u02-l04
17,ma-g9-social-studies,ma-g9-social-studies-u02-l05
18,ma-g9-social-studies,ma-g9-social-studies-u02-l06
19,ma-g9-social-studies,ma-g9-social-studies-u02-l07
20,ma-g9-social-studies,ma-g9-social-studies-u02-l08
21,ma-g9-social-studies,ma-g9-social-studies-u02-l09
22,ma-g9-social-studies,ma-g9-social-studies-u02-l10
23,ma-g9-social-studies,ma-g9-social-studies-u02-l11
24,ma-g9-social-studies,ma-g9-social-studies-u02-l12
25,ma-g9-social-studies,ma-g9-social-studies-u03-l01
26,ma-g9-social-studies,ma-g9-social-studies-u03-l02
27,ma-g9-social-studies,ma-g9-social-studies-u03-l03
28,ma-g9-social-studies,ma-g9-social-studies-u03-l04
29,ma-g9-social-studies,ma-g9-social-studies-u03-l05
30,ma-g9-social-studies,ma-g9-social-studies-u03-l06
31,ma-g9-social-studies,ma-g9-social-studies-u03-l07
32,ma-g9-social-studies,ma-g9-social-studies-u03-l08
33,ma-g9-social-studies,ma-g9-social-studies-u03-l09
34,ma-g9-social-studies,ma-g9-social-studies-u03-l10
35,ma-g9-social-studies,ma-g9-social-studies-u03-l11
36,ma-g9-social-studies,ma-g9-social-studies-u03-l12
37,ma-g9-social-studies,ma-g9-social-studies-u04-l01
38,ma-g9-social-studies,ma-g9-social-studies-u04-l02
39,ma-g9-social-studies,ma-g9-social-studies-u04-l03
40,ma-g9-social-studies,ma-g9-social-studies-u04-l04
41,ma-g9-social-studies,ma-g9-social-studies-u04-l05
42,ma-g9-social-studies,ma-g9-social-studies-u04-l06
43,ma-g9-social-studies,ma-g9-social-studies-u04-l07
44,ma-g9-social-studies,ma-g9-social-studies-u04-l08
45,ma-g9-social-studies,ma-g9-social-studies-u04-l09
46,ma-g9-social-studies,ma-g9-social-studies-u04-l10
47,ma-g9-social-studies,ma-g9-social-studies-u04-l11
48,ma-g9-social-studies,ma-g9-social-studies-u04-l12
49,ma-g9-social-studies,ma-g9-social-studies-u05-l01
50,ma-g9-social-studies,ma-g9-social-studies-u05-l02
51,ma-g9-social-studies,ma-g9-social-studies-u05-l03
52,ma-g9-social-studies,ma-g9-social-studies-u05-l04
53,ma-g9-social-studies,ma-g9-social-studies-u05-l05
54,ma-g9-social-studies,ma-g9-social-studies-u05-l06
55,ma-g9-social-studies,ma-g9-social-studies-u05-l07
56,ma-g9-social-studies,ma-g9-social-studies-u05-l08
57,ma-g9-social-studies,ma-g9-social-studies-u05-l09
58,ma-g9-social-studies,ma-g9-social-studies-u05-l10
59,ma-g9-social-studies,ma-g9-social-studies-u05-l11
60,ma-g9-social-studies,ma-g9-social-studies-u05-l12
61,ma-g9-social-studies,ma-g9-social-studies-u06-l01
62,ma-g9-social-studies,ma-g9-social-studies-u06-l02
63,ma-g9-social-studies,ma-g9-social-studies-u06-l03
64,ma-g9-social-studies,ma-g9-social-studies-u06-l04
65,ma-g9-social-studies,ma-g9-social-studies-u06-l05
66,ma-g9-social-studies,ma-g9-social-studies-u06-l06
67,ma-g9-social-studies,ma-g9-social-studies-u06-l07
68,ma-g9-social-studies,ma-g9-social-studies-u06-l08
69,ma-g9-social-studies,ma-g9-social-studies-u06-l09
70,ma-g9-social-studies,ma-g9-social-studies-u06-l10
71,ma-g9-social-studies,ma-g9-social-studies-u06-l11
72,ma-g9-social-studies,ma-g9-social-studies-u06-l12
73,ma-g9-social-studies,ma-g9-social-studies-u07-l01
74,ma-g9-social-studies,ma-g9-social-studies-u07-l02
75,ma-g9-social-studies,ma-g9-social-studies-u07-l03
76,ma-g9-social-studies,ma-g9-social-studies-u07-l04
77,ma-g9-social-studies,ma-g9-social-studies-u07-l05
78,ma-g9-social-studies,ma-g9-social-studies-u07-l06
79,ma-g9-social-studies,ma-g9-social-studies-u07-l07
80,ma-g9-social-studies,ma-g9-social-studies-u07-l08
81,ma-g9-social-studies,ma-g9-social-studies-u07-l09
82,ma-g9-social-studies,ma-g9-social-studies-u07-l10
83,ma-g9-social-studies,ma-g9-social-studies-u07-l11
84,ma-g9-social-studies,ma-g9-social-studies-u07-l12
85,ma-g9-social-studies,ma-g9-social-studies-u08-l01
86,ma-g9-social-studies,ma-g9-social-studies-u08-l02
87,ma-g9-social-studies,ma-g9-social-studies-u08-l03
88,ma-g9-social-studies,ma-g9-social-studies-u08-l04
89,ma-g9-social-studies,ma-g9-social-studies-u08-l05
90,ma-g9-social-studies,ma-g9-social-studies-u08-l06
91,ma-g9-social-studies,ma-g9-social-studies-u08-l07
92,ma-g9-social-studies,ma-g9-social-studies-u08-l08
93,ma-g9-social-studies,ma-g9-social-studies-u08-l09
94,ma-g9-social-studies,ma-g9-social-studies-u08-l10
95,ma-g9-social-studies,ma-g9-social-studies-u08-l11
96,ma-g9-social-studies,ma-g9-social-studies-u08-l12
97,ma-g9-social-studies,ma-g9-social-studies-u09-l01
98,ma-g9-social-studies,ma-g9-social-studies-u09-l02
99,ma-g9-social-studies,ma-g9-social-studies-u09-l03
100,ma-g9-social-studies,ma-g9-social-studies-u09-l04
101,ma-g9-social-studies,ma-g9-social-studies-u09-l05
102,ma-g9-social-studies,ma-g9-social-studies-u09-l06
103,ma-g9-social-studies,ma-g9-social-studies-u09-l07
104,ma-g9-social-studies,ma-g9-social-studies-u09-l08
105,ma-g9-social-studies,ma-g9-social-studies-u09-l09
106,ma-g9-social-studies,ma-g9-social-studies-u09-l10
107,ma-g9-social-studies,ma-g9-social-studies-u09-l11
108,ma-g9-social-studies,ma-g9-social-studies-u09-l12
1,ma-g9-technology,ma-g9-technology-u01-l01
2,ma-g9-technology,ma-g9-technology-u01-l02
3,ma-g9-technology,ma-g9-technology-u01-l03
4,ma-g9-technology,ma-g9-technology-u01-l04
5,ma-g9-technology,ma-g9-technology-u01-l05
6,ma-g9-technology,ma-g9-technology-u01-l06
7,ma-g9-technology,ma-g9-technology-u02-l01
8,ma-g9-technology,ma-g9-technology-u02-l02
9,ma-g9-technology,ma-g9-technology-u02-l03
10,ma-g9-technology,ma-g9-technology-u02-l04
11,ma-g9-technology,ma-g9-technology-u02-l05
12,ma-g9-technology,ma-g9-technology-u02-l06
13,ma-g9-technology,ma-g9-technology-u03-l01
14,ma-g9-technology,ma-g9-technology-u03-l02
15,ma-g9-technology,ma-g9-technology-u03-l03
16,ma-g9-technology,ma-g9-technology-u03-l04
17,ma-g9-technology,ma-g9-technology-u03-l05
18,ma-g9-technology,ma-g9-technology-u03-l06
19,ma-g9-technology,ma-g9-technology-u04-l01
20,ma-g9-technology,ma-g9-technology-u04-l02
21,ma-g9-technology,ma-g9-technology-u04-l03
22,ma-g9-technology,ma-g9-technology-u04-l04
23,ma-g9-technology,ma-g9-technology-u04-l05
24,ma-g9-technology,ma-g9-technology-u04-l06
25,ma-g9-technology,ma-g9-technology-u05-l01
26,ma-g9-technology,ma-g9-technology-u05-l02
27,ma-g9-technology,ma-g9-technology-u05-l03
28,ma-g9-technology,ma-g9-technology-u05-l04
29,ma-g9-technology,ma-g9-technology-u05-l05
30,ma-g9-technology,ma-g9-technology-u05-l06
31,ma-g9-technology,ma-g9-technology-u06-l01
32,ma-g9-technology,ma-g9-technology-u06-l02
33,ma-g9-technology,ma-g9-technology-u06-l03
34,ma-g9-technology,ma-g9-technology-u06-l04
35,ma-g9-technology,ma-g9-technology-u06-l05
36,ma-g9-technology,ma-g9-technology-u06-l06
