case_number,lesson_id,grade,work_mode,scoring_stance,generator_family,before_classification,before_boundary_violation,before_learner_visible_repair,correction_model,after_classification,after_boundary_violation,after_learner_support,learner_passing_change_present_after,semantic_exact_repair_visible_after,adult_trusted_solution_complete,generated_learner_package,adult_scoring_guide,after_package_sha256,after_scoring_guide_sha256
1,ma-g10-technology-u01-l02,10,MODEL,FORMATIVE_NO_PENALTY,DATA_AGGREGATION,LEGITIMATE_WORKED_EXAMPLE,false,"The reducer uses total + record.value; the tests return 6, 0, and 0.",worked example separation,LEGITIMATE_WORKED_EXAMPLE_PRESERVED,false,"The reducer uses total + record.value; the tests return 6, 0, and 0.",true,true,true,curriculum-production/student-work/technology-arts-lessons/packages/technology/grade-10/ma-g10-technology-u01-l02.task-package.json,curriculum-production/student-work/technology-arts-lessons/scoring-guides/technology/grade-10/ma-g10-technology-u01-l02.scoring-guide.json,07e39f88096a21cc2073ffc262ceaa461eb34094c2f340bb90d02f980dde416d,7e1c0e5b587aba6280ad4fdc8ef8aedcf7f3443df992a2c78c359e62f060acc0
2,ma-g10-technology-u01-l03,10,GUIDED,PROGRESS_EVIDENCE,DATA_AGGREGATION,FULL_SOLUTION_BEFORE_ATTEMPT,true,"The reducer uses total + record.value; the tests return 6, 0, and 0.",hint ladder,ATTEMPT_SAFE_SUPPORT_BEFORE_EVIDENCE,false,Trace the value that controls the failing behavior and mark the first step where actual and expected state diverge. Use that location to propose your own smallest edit.,false,false,true,curriculum-production/student-work/technology-arts-lessons/packages/technology/grade-10/ma-g10-technology-u01-l03.task-package.json,curriculum-production/student-work/technology-arts-lessons/scoring-guides/technology/grade-10/ma-g10-technology-u01-l03.scoring-guide.json,e2de40d0c27f7f86df96f1e5394b2bbd11de6e159f1753a94c0307c25297cfe1,4e4a3da2586c3d2468262e81d64f5259d2fdd169138e5afb98d409b5dedec7ff
3,ma-g10-technology-u02-l01,10,PROBE,FORMATIVE_NO_PENALTY,ALGORITHM_INITIALIZATION,FULL_SOLUTION_BEFORE_ATTEMPT,true,"Initializing best from values[0] makes the invariant true before iteration; the tests return 7, -2, and 6.",trusted solution reference,ATTEMPT_SAFE_SUPPORT_BEFORE_EVIDENCE,false,"Before editing, record the unchanged output and identify which stated rule is first contradicted. Do not look for or request a finished repair.",false,false,true,curriculum-production/student-work/technology-arts-lessons/packages/technology/grade-10/ma-g10-technology-u02-l01.task-package.json,curriculum-production/student-work/technology-arts-lessons/scoring-guides/technology/grade-10/ma-g10-technology-u02-l01.scoring-guide.json,dd0f1c5feea2ce614c1c8e81ecb14148c61e0059640ae413296d54155a085f6a,d63ec0e4074b7e5931c1a23146ecdb7576476d00a45150d67427f4a607ad153b
4,ma-g10-technology-u02-l02,10,MODEL,FORMATIVE_NO_PENALTY,ALGORITHM_INITIALIZATION,LEGITIMATE_WORKED_EXAMPLE,false,"Initializing best from values[0] makes the invariant true before iteration; the tests return 7, -2, and 6.",worked example separation,LEGITIMATE_WORKED_EXAMPLE_PRESERVED,false,"Initializing best from values[0] makes the invariant true before iteration; the tests return 7, -2, and 6.",true,true,true,curriculum-production/student-work/technology-arts-lessons/packages/technology/grade-10/ma-g10-technology-u02-l02.task-package.json,curriculum-production/student-work/technology-arts-lessons/scoring-guides/technology/grade-10/ma-g10-technology-u02-l02.scoring-guide.json,7da58b71961e909c40c3cfb46bda3a320a900b65956447a2a6733f98e99cf77b,854c7621d8bd425cf49145c816bee6f87628e29032371b0989b8ed62f597aaa4
5,ma-g10-technology-u02-l03,10,GUIDED,PROGRESS_EVIDENCE,ALGORITHM_INITIALIZATION,FULL_SOLUTION_BEFORE_ATTEMPT,true,"Initializing best from values[0] makes the invariant true before iteration; the tests return 7, -2, and 6.",hint ladder,ATTEMPT_SAFE_SUPPORT_BEFORE_EVIDENCE,false,Trace the value that controls the failing behavior and mark the first step where actual and expected state diverge. Use that location to propose your own smallest edit.,false,false,true,curriculum-production/student-work/technology-arts-lessons/packages/technology/grade-10/ma-g10-technology-u02-l03.task-package.json,curriculum-production/student-work/technology-arts-lessons/scoring-guides/technology/grade-10/ma-g10-technology-u02-l03.scoring-guide.json,3f79af982b4653eed1265840d62cb743c5bce079039bd0b22d230d2a0f2141d9,7be12bcfcb56569760ade66a6330a6a9da402abe148db354694a8f852b34d42c
6,ma-g10-technology-u02-l04,10,BUILD,PROGRESS_EVIDENCE,ALGORITHM_INITIALIZATION,FULL_SOLUTION_BEFORE_ATTEMPT,true,"Initializing best from values[0] makes the invariant true before iteration; the tests return 7, -2, and 6.",hint ladder plus trusted solution reference,ATTEMPT_SAFE_SUPPORT_BEFORE_EVIDENCE,false,"Use the three tests to isolate one defect region, then choose and justify the smallest edit that satisfies the specification without weakening a boundary test.",false,false,true,curriculum-production/student-work/technology-arts-lessons/packages/technology/grade-10/ma-g10-technology-u02-l04.task-package.json,curriculum-production/student-work/technology-arts-lessons/scoring-guides/technology/grade-10/ma-g10-technology-u02-l04.scoring-guide.json,4afd1aacc191a557747e117c43ef5fbd509932a7d7e5fb515ba3be15aca30577,0778b6829f9469da61adcb3b30a8a61024680c404e55e3425611c25f67487a54
7,ma-g10-technology-u02-l05,10,DEMONSTRATE,SUMMATIVE,ALGORITHM_INITIALIZATION,SUMMATIVE_SOLUTION_EXPOSURE,true,"Initializing best from values[0] makes the invariant true before iteration; the tests return 7, -2, and 6.","trusted solution reference, then post-submission review",SUMMATIVE_SOLUTION_WITHHELD_BEFORE_EVIDENCE,false,"Run and record the unchanged program, then diagnose and repair it independently from the specification and tests. No solution or worked repair is included in learner material.",false,false,true,curriculum-production/student-work/technology-arts-lessons/packages/technology/grade-10/ma-g10-technology-u02-l05.task-package.json,curriculum-production/student-work/technology-arts-lessons/scoring-guides/technology/grade-10/ma-g10-technology-u02-l05.scoring-guide.json,4fefda57ae939fe2c05ee3f3a125350f67a88cacba39b92495493141a7a4adc3,b903045fa6430dc2ba58f8bb8849a8dd15f1d1df4c02f031ee58519bcb6b503c
8,ma-g10-technology-u02-l06,10,CORRECT,PROGRESS_EVIDENCE,ALGORITHM_INITIALIZATION,FULL_SOLUTION_BEFORE_ATTEMPT,true,"Initializing best from values[0] makes the invariant true before iteration; the tests return 7, -2, and 6.",post-submission review,ATTEMPT_SAFE_SUPPORT_BEFORE_EVIDENCE,false,Preserve the original run and repair attempt in the defect log. Compare the earliest divergent state with the specification before proposing a revised repair.,false,false,true,curriculum-production/student-work/technology-arts-lessons/packages/technology/grade-10/ma-g10-technology-u02-l06.task-package.json,curriculum-production/student-work/technology-arts-lessons/scoring-guides/technology/grade-10/ma-g10-technology-u02-l06.scoring-guide.json,24a5f2c4d0d90e0b2d60149ab7c26461c284588233fa80155ca41459ab4a1401,207b0038eba7d3154b717ec547835caf0922e7ad0d7c776c45227b394ef4aebe
9,ma-g10-technology-u03-l02,10,MODEL,FORMATIVE_NO_PENALTY,DATA_AGGREGATION,LEGITIMATE_WORKED_EXAMPLE,false,"The reducer uses total + record.value; the tests return 6, 0, and 0.",worked example separation,LEGITIMATE_WORKED_EXAMPLE_PRESERVED,false,"The reducer uses total + record.value; the tests return 6, 0, and 0.",true,true,true,curriculum-production/student-work/technology-arts-lessons/packages/technology/grade-10/ma-g10-technology-u03-l02.task-package.json,curriculum-production/student-work/technology-arts-lessons/scoring-guides/technology/grade-10/ma-g10-technology-u03-l02.scoring-guide.json,f09703642be91838df9ed2440d31e840218d714cbec2a9d52adef815985dd3c1,ce6c92a57ae22839d6102f29d72a812f857fe35c1438f5d4e9353205aa1ce6b6
10,ma-g10-technology-u03-l03,10,GUIDED,PROGRESS_EVIDENCE,DATA_AGGREGATION,FULL_SOLUTION_BEFORE_ATTEMPT,true,"The reducer uses total + record.value; the tests return 6, 0, and 0.",hint ladder,ATTEMPT_SAFE_SUPPORT_BEFORE_EVIDENCE,false,Trace the value that controls the failing behavior and mark the first step where actual and expected state diverge. Use that location to propose your own smallest edit.,false,false,true,curriculum-production/student-work/technology-arts-lessons/packages/technology/grade-10/ma-g10-technology-u03-l03.task-package.json,curriculum-production/student-work/technology-arts-lessons/scoring-guides/technology/grade-10/ma-g10-technology-u03-l03.scoring-guide.json,ee894e119cb1a77781a6043119723d998d59a7754ffebc6d3da68cc5eb13576e,f0a40d668861f6d7307d3c317652a881dace3348381ac6d25187e6c295b64996
11,ma-g10-technology-u05-l03,10,GUIDED,PROGRESS_EVIDENCE,OBJECT_STATE_UPDATE,FULL_SOLUTION_BEFORE_ATTEMPT,true,"The update combines this.value with amount; the three tests return 5, 0, and 3.",hint ladder,ATTEMPT_SAFE_SUPPORT_BEFORE_EVIDENCE,false,Trace the value that controls the failing behavior and mark the first step where actual and expected state diverge. Use that location to propose your own smallest edit.,false,false,true,curriculum-production/student-work/technology-arts-lessons/packages/technology/grade-10/ma-g10-technology-u05-l03.task-package.json,curriculum-production/student-work/technology-arts-lessons/scoring-guides/technology/grade-10/ma-g10-technology-u05-l03.scoring-guide.json,d0d74eef5b743e3e67e683e90162859547417ab1681d227b2649d3399974c4bd,66459d5808646a10c9cde255ac2a1ec38964c5c7edef85221211d586e260511e
12,ma-g10-technology-u06-l02,10,MODEL,FORMATIVE_NO_PENALTY,DATA_AGGREGATION,LEGITIMATE_WORKED_EXAMPLE,false,"The reducer uses total + record.value; the tests return 6, 0, and 0.",worked example separation,LEGITIMATE_WORKED_EXAMPLE_PRESERVED,false,"The reducer uses total + record.value; the tests return 6, 0, and 0.",true,true,true,curriculum-production/student-work/technology-arts-lessons/packages/technology/grade-10/ma-g10-technology-u06-l02.task-package.json,curriculum-production/student-work/technology-arts-lessons/scoring-guides/technology/grade-10/ma-g10-technology-u06-l02.scoring-guide.json,15ccf8ae1605a7a3365c3baec4953986f64b4a73347cea089dedcf55ff974ca7,fc413378f1c0707ab32b1f187011328e47937204ec41bb12c129d99f1ce61749
13,ma-g11-technology-u01-l02,11,MODEL,FORMATIVE_NO_PENALTY,GENERIC_SEQUENCE_INDEX,LEGITIMATE_WORKED_EXAMPLE,false,Iteration begins at index 0; all three tests retain every step in order.,worked example separation,LEGITIMATE_WORKED_EXAMPLE_PRESERVED,false,Iteration begins at index 0; all three tests retain every step in order.,true,true,true,curriculum-production/student-work/technology-arts-lessons/packages/technology/grade-11/ma-g11-technology-u01-l02.task-package.json,curriculum-production/student-work/technology-arts-lessons/scoring-guides/technology/grade-11/ma-g11-technology-u01-l02.scoring-guide.json,0c0013d39fe3a335a556c1038b316f0eae3bd88854ff018de4cb3d1e129d8c07,6f736f7285cb4a8d9ccad38169fa356881b25a0fe068cb67acae0647c87c2cc4
14,ma-g11-technology-u01-l03,11,GUIDED,PROGRESS_EVIDENCE,GENERIC_SEQUENCE_INDEX,FULL_SOLUTION_BEFORE_ATTEMPT,true,Iteration begins at index 0; all three tests retain every step in order.,hint ladder,ATTEMPT_SAFE_SUPPORT_BEFORE_EVIDENCE,false,Trace the value that controls the failing behavior and mark the first step where actual and expected state diverge. Use that location to propose your own smallest edit.,false,false,true,curriculum-production/student-work/technology-arts-lessons/packages/technology/grade-11/ma-g11-technology-u01-l03.task-package.json,curriculum-production/student-work/technology-arts-lessons/scoring-guides/technology/grade-11/ma-g11-technology-u01-l03.scoring-guide.json,73450a94f1314e7718389038277aedffd8559b750e9c4a163f5bdbcaba7d42b8,2b493a2e3a4bf9282fe70cef63e80068db5d2265c0f1db7a03e426b7a9706dad
15,ma-g11-technology-u02-l01,11,PROBE,FORMATIVE_NO_PENALTY,OBJECT_STATE_UPDATE,FULL_SOLUTION_BEFORE_ATTEMPT,true,"The update combines this.value with amount; the three tests return 5, 0, and 3.",trusted solution reference,ATTEMPT_SAFE_SUPPORT_BEFORE_EVIDENCE,false,"Before editing, record the unchanged output and identify which stated rule is first contradicted. Do not look for or request a finished repair.",false,false,true,curriculum-production/student-work/technology-arts-lessons/packages/technology/grade-11/ma-g11-technology-u02-l01.task-package.json,curriculum-production/student-work/technology-arts-lessons/scoring-guides/technology/grade-11/ma-g11-technology-u02-l01.scoring-guide.json,24bea209687b4b8a76d4ec1872e104cda27ab2002829792c7d91139b6a83c8c7,04f5a9b6a12a9581fb0832fc8df954850a49d280cf3b837f1e609cd72f861082
16,ma-g11-technology-u02-l02,11,MODEL,FORMATIVE_NO_PENALTY,OBJECT_STATE_UPDATE,LEGITIMATE_WORKED_EXAMPLE,false,"The update combines this.value with amount; the three tests return 5, 0, and 3.",worked example separation,LEGITIMATE_WORKED_EXAMPLE_PRESERVED,false,"The update combines this.value with amount; the three tests return 5, 0, and 3.",true,true,true,curriculum-production/student-work/technology-arts-lessons/packages/technology/grade-11/ma-g11-technology-u02-l02.task-package.json,curriculum-production/student-work/technology-arts-lessons/scoring-guides/technology/grade-11/ma-g11-technology-u02-l02.scoring-guide.json,108d3a628b6ffbc1d3462823149609842ddbadbbf68b302d32ed27b568957ef0,6ed32040fd6194f37b53550e9d211cae1473e16f56e5e7dc7b2c20bc1565e9ff
17,ma-g11-technology-u02-l03,11,GUIDED,PROGRESS_EVIDENCE,OBJECT_STATE_UPDATE,FULL_SOLUTION_BEFORE_ATTEMPT,true,"The update combines this.value with amount; the three tests return 5, 0, and 3.",hint ladder,ATTEMPT_SAFE_SUPPORT_BEFORE_EVIDENCE,false,Trace the value that controls the failing behavior and mark the first step where actual and expected state diverge. Use that location to propose your own smallest edit.,false,false,true,curriculum-production/student-work/technology-arts-lessons/packages/technology/grade-11/ma-g11-technology-u02-l03.task-package.json,curriculum-production/student-work/technology-arts-lessons/scoring-guides/technology/grade-11/ma-g11-technology-u02-l03.scoring-guide.json,2033ad3330f81e8d2df27423cbed428da96499b853c08a95e33f5e060008765b,a2a2c91764bd4df0e295b806ce8b07219aed74903a84aaa6b7c04f756feaff45
18,ma-g11-technology-u02-l05,11,DEMONSTRATE,SUMMATIVE,OBJECT_STATE_UPDATE,SUMMATIVE_SOLUTION_EXPOSURE,true,"The update combines this.value with amount; the three tests return 5, 0, and 3.","trusted solution reference, then post-submission review",SUMMATIVE_SOLUTION_WITHHELD_BEFORE_EVIDENCE,false,"Run and record the unchanged program, then diagnose and repair it independently from the specification and tests. No solution or worked repair is included in learner material.",false,false,true,curriculum-production/student-work/technology-arts-lessons/packages/technology/grade-11/ma-g11-technology-u02-l05.task-package.json,curriculum-production/student-work/technology-arts-lessons/scoring-guides/technology/grade-11/ma-g11-technology-u02-l05.scoring-guide.json,27b8f46ad3c068bff1ac75f42bb78741c0c76ae89617a6663bd0a197f42b9493,4d70bbd4096f80ab0fed71460ad64d3c327c3cf4aa08af599a174754ffaca3a8
19,ma-g11-technology-u02-l06,11,CORRECT,PROGRESS_EVIDENCE,OBJECT_STATE_UPDATE,FULL_SOLUTION_BEFORE_ATTEMPT,true,"The update combines this.value with amount; the three tests return 5, 0, and 3.",post-submission review,ATTEMPT_SAFE_SUPPORT_BEFORE_EVIDENCE,false,Preserve the original run and repair attempt in the defect log. Compare the earliest divergent state with the specification before proposing a revised repair.,false,false,true,curriculum-production/student-work/technology-arts-lessons/packages/technology/grade-11/ma-g11-technology-u02-l06.task-package.json,curriculum-production/student-work/technology-arts-lessons/scoring-guides/technology/grade-11/ma-g11-technology-u02-l06.scoring-guide.json,0455815612e04ee90d13af9f6d1cddf9c95ca7455979c0f778e8f109ff2ac97c,cce1d7b7d2f1b0be36d598595c660d079f9676a67c499378cb7fba360bf5c580
20,ma-g11-technology-u06-l03,11,GUIDED,PROGRESS_EVIDENCE,GENERIC_SEQUENCE_INDEX,FULL_SOLUTION_BEFORE_ATTEMPT,true,Iteration begins at index 0; all three tests retain every step in order.,hint ladder,ATTEMPT_SAFE_SUPPORT_BEFORE_EVIDENCE,false,Trace the value that controls the failing behavior and mark the first step where actual and expected state diverge. Use that location to propose your own smallest edit.,false,false,true,curriculum-production/student-work/technology-arts-lessons/packages/technology/grade-11/ma-g11-technology-u06-l03.task-package.json,curriculum-production/student-work/technology-arts-lessons/scoring-guides/technology/grade-11/ma-g11-technology-u06-l03.scoring-guide.json,6007d40110de3f433ccd553046219b714e5f44c973271698daa1dcb8f10e2699,4efc3ddd6a6208cb4548378cb3cc5c826e4a9ccbae838485a68c897302eb07ba
21,ma-g12-technology-u01-l01,12,PROBE,FORMATIVE_NO_PENALTY,ALGORITHM_INITIALIZATION,FULL_SOLUTION_BEFORE_ATTEMPT,true,"Initializing best from values[0] makes the invariant true before iteration; the tests return 7, -2, and 6.",trusted solution reference,ATTEMPT_SAFE_SUPPORT_BEFORE_EVIDENCE,false,"Before editing, record the unchanged output and identify which stated rule is first contradicted. Do not look for or request a finished repair.",false,false,true,curriculum-production/student-work/technology-arts-lessons/packages/technology/grade-12/ma-g12-technology-u01-l01.task-package.json,curriculum-production/student-work/technology-arts-lessons/scoring-guides/technology/grade-12/ma-g12-technology-u01-l01.scoring-guide.json,20f521f6579c5ee482a0e34980bd0bb0610c109fff6f3144fba6bb3b09dc756e,8c23e628242106190524680c48f7e42883bd2d8a0228a5593b9d72204c5ffb1c
22,ma-g12-technology-u01-l02,12,MODEL,FORMATIVE_NO_PENALTY,ALGORITHM_INITIALIZATION,LEGITIMATE_WORKED_EXAMPLE,false,"Initializing best from values[0] makes the invariant true before iteration; the tests return 7, -2, and 6.",worked example separation,LEGITIMATE_WORKED_EXAMPLE_PRESERVED,false,"Initializing best from values[0] makes the invariant true before iteration; the tests return 7, -2, and 6.",true,true,true,curriculum-production/student-work/technology-arts-lessons/packages/technology/grade-12/ma-g12-technology-u01-l02.task-package.json,curriculum-production/student-work/technology-arts-lessons/scoring-guides/technology/grade-12/ma-g12-technology-u01-l02.scoring-guide.json,41cb5afb511ee5848b1add9d397593a2b089eb529e3a288a8b0dac2086a5b66f,e8e86d743acff2ce1e763cfe16c3d71912ed0e9ad2c1f55211c6caa63c446872
23,ma-g12-technology-u01-l03,12,GUIDED,PROGRESS_EVIDENCE,ALGORITHM_INITIALIZATION,FULL_SOLUTION_BEFORE_ATTEMPT,true,"Initializing best from values[0] makes the invariant true before iteration; the tests return 7, -2, and 6.",hint ladder,ATTEMPT_SAFE_SUPPORT_BEFORE_EVIDENCE,false,Trace the value that controls the failing behavior and mark the first step where actual and expected state diverge. Use that location to propose your own smallest edit.,false,false,true,curriculum-production/student-work/technology-arts-lessons/packages/technology/grade-12/ma-g12-technology-u01-l03.task-package.json,curriculum-production/student-work/technology-arts-lessons/scoring-guides/technology/grade-12/ma-g12-technology-u01-l03.scoring-guide.json,6fd0a130f3a72c0b16aff0c421c50d2e912cf4d477aa9a72551e13698e2e59d3,24275aaf26859efacbd1c336b95e673ede45a3801a67f40289ae7e10645fa63a
24,ma-g12-technology-u01-l04,12,BUILD,PROGRESS_EVIDENCE,ALGORITHM_INITIALIZATION,FULL_SOLUTION_BEFORE_ATTEMPT,true,"Initializing best from values[0] makes the invariant true before iteration; the tests return 7, -2, and 6.",hint ladder plus trusted solution reference,ATTEMPT_SAFE_SUPPORT_BEFORE_EVIDENCE,false,"Use the three tests to isolate one defect region, then choose and justify the smallest edit that satisfies the specification without weakening a boundary test.",false,false,true,curriculum-production/student-work/technology-arts-lessons/packages/technology/grade-12/ma-g12-technology-u01-l04.task-package.json,curriculum-production/student-work/technology-arts-lessons/scoring-guides/technology/grade-12/ma-g12-technology-u01-l04.scoring-guide.json,0226d896a9061ce8b04ac452c33fa8ca19343fc69e31fcc571f877a99d58c885,b423b65ad83fa14011e7e6f10cd4f69d284b42bc65f04fc255bc791a603eceb6
25,ma-g12-technology-u01-l05,12,DEMONSTRATE,SUMMATIVE,GENERIC_SEQUENCE_INDEX,SUMMATIVE_SOLUTION_EXPOSURE,true,Iteration begins at index 0; all three tests retain every step in order.,"trusted solution reference, then post-submission review",SUMMATIVE_SOLUTION_WITHHELD_BEFORE_EVIDENCE,false,"Run and record the unchanged program, then diagnose and repair it independently from the specification and tests. No solution or worked repair is included in learner material.",false,false,true,curriculum-production/student-work/technology-arts-lessons/packages/technology/grade-12/ma-g12-technology-u01-l05.task-package.json,curriculum-production/student-work/technology-arts-lessons/scoring-guides/technology/grade-12/ma-g12-technology-u01-l05.scoring-guide.json,65c3119676a6951140dcb8f70737f416bf04e80c92f362eae9f3c600c10614a7,d0f517cb39ba9315a25deb897f03eaaaccfd9b4dd25402d313fb64851721163c
26,ma-g12-technology-u01-l06,12,CORRECT,PROGRESS_EVIDENCE,GENERIC_SEQUENCE_INDEX,FULL_SOLUTION_BEFORE_ATTEMPT,true,Iteration begins at index 0; all three tests retain every step in order.,post-submission review,ATTEMPT_SAFE_SUPPORT_BEFORE_EVIDENCE,false,Preserve the original run and repair attempt in the defect log. Compare the earliest divergent state with the specification before proposing a revised repair.,false,false,true,curriculum-production/student-work/technology-arts-lessons/packages/technology/grade-12/ma-g12-technology-u01-l06.task-package.json,curriculum-production/student-work/technology-arts-lessons/scoring-guides/technology/grade-12/ma-g12-technology-u01-l06.scoring-guide.json,9598c9097ba3a6e0f114820813978ead259db373d5f6a141065dcdd8e5d372fa,1bbb19aa0776806a7a55d800c98ae5b9f5faab2a9bcdcd0511f3763bac43b120
27,ma-g12-technology-u02-l01,12,PROBE,FORMATIVE_NO_PENALTY,STALE_STATE_UPDATE,FULL_SOLUTION_BEFORE_ATTEMPT,true,"Each assignment uses current + delta; the tests return 4, 5, and 5.",trusted solution reference,ATTEMPT_SAFE_SUPPORT_BEFORE_EVIDENCE,false,"Before editing, record the unchanged output and identify which stated rule is first contradicted. Do not look for or request a finished repair.",false,false,true,curriculum-production/student-work/technology-arts-lessons/packages/technology/grade-12/ma-g12-technology-u02-l01.task-package.json,curriculum-production/student-work/technology-arts-lessons/scoring-guides/technology/grade-12/ma-g12-technology-u02-l01.scoring-guide.json,e4dcad133faf19f99723160d6ee9155effe27eb4cedbfe66bdcdfe1997dc639b,e48e5f3008a3715e882facc2c97d6dce497fc2cb897a9257ce81dad84871d21b
28,ma-g12-technology-u02-l02,12,MODEL,FORMATIVE_NO_PENALTY,STALE_STATE_UPDATE,LEGITIMATE_WORKED_EXAMPLE,false,"Each assignment uses current + delta; the tests return 4, 5, and 5.",worked example separation,LEGITIMATE_WORKED_EXAMPLE_PRESERVED,false,"Each assignment uses current + delta; the tests return 4, 5, and 5.",true,true,true,curriculum-production/student-work/technology-arts-lessons/packages/technology/grade-12/ma-g12-technology-u02-l02.task-package.json,curriculum-production/student-work/technology-arts-lessons/scoring-guides/technology/grade-12/ma-g12-technology-u02-l02.scoring-guide.json,dc9bb2460a6d8794ad4c8b403ddfed37dcd9873a5dc4415c04d0a7e5410c24ee,ebc094fd6cda071807cb79108de797fc046eaa8f7bc1639cd93cefc35444cc8b
29,ma-g12-technology-u02-l03,12,GUIDED,PROGRESS_EVIDENCE,STALE_STATE_UPDATE,FULL_SOLUTION_BEFORE_ATTEMPT,true,"Each assignment uses current + delta; the tests return 4, 5, and 5.",hint ladder,ATTEMPT_SAFE_SUPPORT_BEFORE_EVIDENCE,false,Trace the value that controls the failing behavior and mark the first step where actual and expected state diverge. Use that location to propose your own smallest edit.,false,false,true,curriculum-production/student-work/technology-arts-lessons/packages/technology/grade-12/ma-g12-technology-u02-l03.task-package.json,curriculum-production/student-work/technology-arts-lessons/scoring-guides/technology/grade-12/ma-g12-technology-u02-l03.scoring-guide.json,a7998669ec607196ab425a14fcef3f96b3b6f36f3dc78868e4ceb06e3e97d6c8,55ba681b145c285c9cb73af2a597892bd33b6f21997413c65e4f37b0f6b22318
30,ma-g12-technology-u02-l05,12,DEMONSTRATE,SUMMATIVE,STALE_STATE_UPDATE,SUMMATIVE_SOLUTION_EXPOSURE,true,"Each assignment uses current + delta; the tests return 4, 5, and 5.","trusted solution reference, then post-submission review",SUMMATIVE_SOLUTION_WITHHELD_BEFORE_EVIDENCE,false,"Run and record the unchanged program, then diagnose and repair it independently from the specification and tests. No solution or worked repair is included in learner material.",false,false,true,curriculum-production/student-work/technology-arts-lessons/packages/technology/grade-12/ma-g12-technology-u02-l05.task-package.json,curriculum-production/student-work/technology-arts-lessons/scoring-guides/technology/grade-12/ma-g12-technology-u02-l05.scoring-guide.json,861f2452fd2c4cf5b3627c5ad8247ea217e4a6ceae699c6fcf4696a214990b32,2502f5ddd4f8082679da41c38e2db3382dcabbabd05bc56eb3af7a2a43420e06
31,ma-g12-technology-u02-l06,12,CORRECT,PROGRESS_EVIDENCE,STALE_STATE_UPDATE,FULL_SOLUTION_BEFORE_ATTEMPT,true,"Each assignment uses current + delta; the tests return 4, 5, and 5.",post-submission review,ATTEMPT_SAFE_SUPPORT_BEFORE_EVIDENCE,false,Preserve the original run and repair attempt in the defect log. Compare the earliest divergent state with the specification before proposing a revised repair.,false,false,true,curriculum-production/student-work/technology-arts-lessons/packages/technology/grade-12/ma-g12-technology-u02-l06.task-package.json,curriculum-production/student-work/technology-arts-lessons/scoring-guides/technology/grade-12/ma-g12-technology-u02-l06.scoring-guide.json,8a857328b51c62ee05fd94398b18c173869a331d6eeee7ec0a20402117b1b58c,188737269994e431f1c2da3bd44ac69f17d2ec8b7fd6fae91abe2f00391abebf
32,ma-g12-technology-u04-l03,12,GUIDED,PROGRESS_EVIDENCE,GENERIC_SEQUENCE_INDEX,FULL_SOLUTION_BEFORE_ATTEMPT,true,Iteration begins at index 0; all three tests retain every step in order.,hint ladder,ATTEMPT_SAFE_SUPPORT_BEFORE_EVIDENCE,false,Trace the value that controls the failing behavior and mark the first step where actual and expected state diverge. Use that location to propose your own smallest edit.,false,false,true,curriculum-production/student-work/technology-arts-lessons/packages/technology/grade-12/ma-g12-technology-u04-l03.task-package.json,curriculum-production/student-work/technology-arts-lessons/scoring-guides/technology/grade-12/ma-g12-technology-u04-l03.scoring-guide.json,e6563ce1bb9a509b23eaa8fc5f95f441b596d6439852de41e478a53efe04ddcf,2576adea8b1907fbbdce121da8e4796be11d75f4b3d39c165e23983c464ae323
33,ma-g12-technology-u04-l04,12,BUILD,PROGRESS_EVIDENCE,GENERIC_SEQUENCE_INDEX,FULL_SOLUTION_BEFORE_ATTEMPT,true,Iteration begins at index 0; all three tests retain every step in order.,hint ladder plus trusted solution reference,ATTEMPT_SAFE_SUPPORT_BEFORE_EVIDENCE,false,"Use the three tests to isolate one defect region, then choose and justify the smallest edit that satisfies the specification without weakening a boundary test.",false,false,true,curriculum-production/student-work/technology-arts-lessons/packages/technology/grade-12/ma-g12-technology-u04-l04.task-package.json,curriculum-production/student-work/technology-arts-lessons/scoring-guides/technology/grade-12/ma-g12-technology-u04-l04.scoring-guide.json,b92a17c4f0b6c828af92bfc2d1cdc7062c2538dd8b26355b19f2bd1e401e1d34,12a81edb138432241e9771c703aa8b4205bce9ba4164347db02cb9973bab53d9
34,ma-g12-technology-u05-l06,12,GUIDED_B,PROGRESS_EVIDENCE,GENERIC_SEQUENCE_INDEX,FULL_SOLUTION_BEFORE_ATTEMPT,true,Iteration begins at index 0; all three tests retain every step in order.,hint ladder,ATTEMPT_SAFE_SUPPORT_BEFORE_EVIDENCE,false,Trace the value that controls the failing behavior and mark the first step where actual and expected state diverge. Use that location to propose your own smallest edit.,false,false,true,curriculum-production/student-work/technology-arts-lessons/packages/technology/grade-12/ma-g12-technology-u05-l06.task-package.json,curriculum-production/student-work/technology-arts-lessons/scoring-guides/technology/grade-12/ma-g12-technology-u05-l06.scoring-guide.json,f9f41c0d543dd868bb2a37e8aab625a7e920f8535288345bd3b3568af7bfabc2,9d4a3cbf64428bdf8913bf45c269d1c9a2426acf372cde8138713ff5f4e44a5a
35,ma-g3-tech-cs-u03-l06,3,CORRECT,PROGRESS_EVIDENCE,STALE_STATE_UPDATE,FULL_SOLUTION_BEFORE_ATTEMPT,true,"Each assignment uses current + delta; the tests return 4, 5, and 5.",post-submission review,ATTEMPT_SAFE_SUPPORT_BEFORE_EVIDENCE,false,Preserve the original run and repair attempt in the defect log. Compare the earliest divergent state with the specification before proposing a revised repair.,false,false,true,curriculum-production/student-work/technology-arts-lessons/packages/technology/grade-03/ma-g3-tech-cs-u03-l06.task-package.json,curriculum-production/student-work/technology-arts-lessons/scoring-guides/technology/grade-03/ma-g3-tech-cs-u03-l06.scoring-guide.json,606f0b01f7c60a513f32216ea9f86af42021b1bfbf1f379b50b26504a21a2069,1c6341c723a72c8942f94b6fc974e2f21292dfc69c11f4af3ded4393f9ac4a55
36,ma-g3-tech-cs-u04-l01,3,PROBE,FORMATIVE_NO_PENALTY,GENERIC_SEQUENCE_INDEX,FULL_SOLUTION_BEFORE_ATTEMPT,true,Iteration begins at index 0; all three tests retain every step in order.,trusted solution reference,ATTEMPT_SAFE_SUPPORT_BEFORE_EVIDENCE,false,"Before editing, record the unchanged output and identify which stated rule is first contradicted. Do not look for or request a finished repair.",false,false,true,curriculum-production/student-work/technology-arts-lessons/packages/technology/grade-03/ma-g3-tech-cs-u04-l01.task-package.json,curriculum-production/student-work/technology-arts-lessons/scoring-guides/technology/grade-03/ma-g3-tech-cs-u04-l01.scoring-guide.json,947520553b8598cc159fbb02112120764d942c79cae816d89addf15eb5468ed4,586880e5733d3150936f8363ad7b9a89681680fa007444c8d08e70cc89baecd6
37,ma-g3-tech-cs-u04-l02,3,MODEL,FORMATIVE_NO_PENALTY,GENERIC_SEQUENCE_INDEX,LEGITIMATE_WORKED_EXAMPLE,false,Iteration begins at index 0; all three tests retain every step in order.,worked example separation,LEGITIMATE_WORKED_EXAMPLE_PRESERVED,false,Iteration begins at index 0; all three tests retain every step in order.,true,true,true,curriculum-production/student-work/technology-arts-lessons/packages/technology/grade-03/ma-g3-tech-cs-u04-l02.task-package.json,curriculum-production/student-work/technology-arts-lessons/scoring-guides/technology/grade-03/ma-g3-tech-cs-u04-l02.scoring-guide.json,ec65e20e49a7a4ee5e481bcfa2317564b47cf687cb78bbc962f45faef666705f,6866e43f1e1239d15805c8788fcd8e46c0807260504be07a52cdd235a2f5046e
38,ma-g3-tech-cs-u05-l01,3,PROBE,FORMATIVE_NO_PENALTY,OBJECT_STATE_UPDATE,FULL_SOLUTION_BEFORE_ATTEMPT,true,"The update combines this.value with amount; the three tests return 5, 0, and 3.",trusted solution reference,ATTEMPT_SAFE_SUPPORT_BEFORE_EVIDENCE,false,"Before editing, record the unchanged output and identify which stated rule is first contradicted. Do not look for or request a finished repair.",false,false,true,curriculum-production/student-work/technology-arts-lessons/packages/technology/grade-03/ma-g3-tech-cs-u05-l01.task-package.json,curriculum-production/student-work/technology-arts-lessons/scoring-guides/technology/grade-03/ma-g3-tech-cs-u05-l01.scoring-guide.json,1e2ff7e9988f0b65a3bd07e1cdf15988f77b7d6450cc77eea6a4ec13b18d7feb,106fd067cd3eecc2927d08e0a112254ba0f9e7db8a35bd6ad9542402a6fc3fce
39,ma-g3-tech-cs-u05-l02,3,MODEL,FORMATIVE_NO_PENALTY,ALGORITHM_INITIALIZATION,LEGITIMATE_WORKED_EXAMPLE,false,"Initializing best from values[0] makes the invariant true before iteration; the tests return 7, -2, and 6.",worked example separation,LEGITIMATE_WORKED_EXAMPLE_PRESERVED,false,"Initializing best from values[0] makes the invariant true before iteration; the tests return 7, -2, and 6.",true,true,true,curriculum-production/student-work/technology-arts-lessons/packages/technology/grade-03/ma-g3-tech-cs-u05-l02.task-package.json,curriculum-production/student-work/technology-arts-lessons/scoring-guides/technology/grade-03/ma-g3-tech-cs-u05-l02.scoring-guide.json,bc429d3bed53ce32397d23ed3bf8b4c3e3d15b72234b94307aad5662ea1963af,afd460584ac2c21e0a7df655dafe658584f1f69f9419ce92830ac5df7db16d52
40,ma-g4-tech-cs-u02-l02,4,MODEL,FORMATIVE_NO_PENALTY,STALE_STATE_UPDATE,LEGITIMATE_WORKED_EXAMPLE,false,"Each assignment uses current + delta; the tests return 4, 5, and 5.",worked example separation,LEGITIMATE_WORKED_EXAMPLE_PRESERVED,false,"Each assignment uses current + delta; the tests return 4, 5, and 5.",true,true,true,curriculum-production/student-work/technology-arts-lessons/packages/technology/grade-04/ma-g4-tech-cs-u02-l02.task-package.json,curriculum-production/student-work/technology-arts-lessons/scoring-guides/technology/grade-04/ma-g4-tech-cs-u02-l02.scoring-guide.json,9676c049a6abd014c9ba952b9788f392f3101ff8c04dc07cbab6d93047afb0b5,3c33da8577ca9ebdd691d45cbc201c160b2cf3337cac716aaaa7d4021fec505c
41,ma-g4-tech-cs-u04-l01,4,PROBE,FORMATIVE_NO_PENALTY,GENERIC_SEQUENCE_INDEX,FULL_SOLUTION_BEFORE_ATTEMPT,true,Iteration begins at index 0; all three tests retain every step in order.,trusted solution reference,ATTEMPT_SAFE_SUPPORT_BEFORE_EVIDENCE,false,"Before editing, record the unchanged output and identify which stated rule is first contradicted. Do not look for or request a finished repair.",false,false,true,curriculum-production/student-work/technology-arts-lessons/packages/technology/grade-04/ma-g4-tech-cs-u04-l01.task-package.json,curriculum-production/student-work/technology-arts-lessons/scoring-guides/technology/grade-04/ma-g4-tech-cs-u04-l01.scoring-guide.json,f27e57945d28eef3a38b5f58868884b62d23c5439cfaa1792df965d99aad4ee8,5db00f19d69d2ed849c8154cd13fda15bea72966983e3740a4364dd85f4c72eb
42,ma-g4-tech-cs-u04-l02,4,MODEL,FORMATIVE_NO_PENALTY,GENERIC_SEQUENCE_INDEX,LEGITIMATE_WORKED_EXAMPLE,false,Iteration begins at index 0; all three tests retain every step in order.,worked example separation,LEGITIMATE_WORKED_EXAMPLE_PRESERVED,false,Iteration begins at index 0; all three tests retain every step in order.,true,true,true,curriculum-production/student-work/technology-arts-lessons/packages/technology/grade-04/ma-g4-tech-cs-u04-l02.task-package.json,curriculum-production/student-work/technology-arts-lessons/scoring-guides/technology/grade-04/ma-g4-tech-cs-u04-l02.scoring-guide.json,429b61c50d7b89de84c85499674cb7d3190752e0d0cd2db875d28d7224201a96,49a6b30af9c8c196097e8b7922c14392eb616a9ad8daa5fe0f235131656a56f9
43,ma-g4-tech-cs-u04-l03,4,GUIDED,PROGRESS_EVIDENCE,GENERIC_SEQUENCE_INDEX,FULL_SOLUTION_BEFORE_ATTEMPT,true,Iteration begins at index 0; all three tests retain every step in order.,hint ladder,ATTEMPT_SAFE_SUPPORT_BEFORE_EVIDENCE,false,Trace the value that controls the failing behavior and mark the first step where actual and expected state diverge. Use that location to propose your own smallest edit.,false,false,true,curriculum-production/student-work/technology-arts-lessons/packages/technology/grade-04/ma-g4-tech-cs-u04-l03.task-package.json,curriculum-production/student-work/technology-arts-lessons/scoring-guides/technology/grade-04/ma-g4-tech-cs-u04-l03.scoring-guide.json,dff7bcc7e92ed9d1b057179c864c47af59f7b50a128f66b7abbc2faa4300ac0c,2ee7848712ae13834da52a37826ec1204e18e789cea7c298c07bae96fdbdd42b
44,ma-g4-tech-cs-u04-l04,4,BUILD,PROGRESS_EVIDENCE,GENERIC_SEQUENCE_INDEX,FULL_SOLUTION_BEFORE_ATTEMPT,true,Iteration begins at index 0; all three tests retain every step in order.,hint ladder plus trusted solution reference,ATTEMPT_SAFE_SUPPORT_BEFORE_EVIDENCE,false,"Use the three tests to isolate one defect region, then choose and justify the smallest edit that satisfies the specification without weakening a boundary test.",false,false,true,curriculum-production/student-work/technology-arts-lessons/packages/technology/grade-04/ma-g4-tech-cs-u04-l04.task-package.json,curriculum-production/student-work/technology-arts-lessons/scoring-guides/technology/grade-04/ma-g4-tech-cs-u04-l04.scoring-guide.json,457a449546451de8714108b9fb21004e4bfc83a66c8015ec19cd4528c060a672,cc21425faf1115817a5a43169a65e40992ba8f32cc283f9d72f964b187caa5fe
45,ma-g4-tech-cs-u04-l05,4,DEMONSTRATE,SUMMATIVE,GENERIC_SEQUENCE_INDEX,SUMMATIVE_SOLUTION_EXPOSURE,true,Iteration begins at index 0; all three tests retain every step in order.,"trusted solution reference, then post-submission review",SUMMATIVE_SOLUTION_WITHHELD_BEFORE_EVIDENCE,false,"Run and record the unchanged program, then diagnose and repair it independently from the specification and tests. No solution or worked repair is included in learner material.",false,false,true,curriculum-production/student-work/technology-arts-lessons/packages/technology/grade-04/ma-g4-tech-cs-u04-l05.task-package.json,curriculum-production/student-work/technology-arts-lessons/scoring-guides/technology/grade-04/ma-g4-tech-cs-u04-l05.scoring-guide.json,620197f868ca41388b0cd9e8626a99e962352d85f3727671fcc60e18f0525976,881492217d1f0b449eca12240e42828d113ad3f7ecca9b9a17311c71a9c5cea1
46,ma-g4-tech-cs-u04-l06,4,CORRECT,PROGRESS_EVIDENCE,GENERIC_SEQUENCE_INDEX,FULL_SOLUTION_BEFORE_ATTEMPT,true,Iteration begins at index 0; all three tests retain every step in order.,post-submission review,ATTEMPT_SAFE_SUPPORT_BEFORE_EVIDENCE,false,Preserve the original run and repair attempt in the defect log. Compare the earliest divergent state with the specification before proposing a revised repair.,false,false,true,curriculum-production/student-work/technology-arts-lessons/packages/technology/grade-04/ma-g4-tech-cs-u04-l06.task-package.json,curriculum-production/student-work/technology-arts-lessons/scoring-guides/technology/grade-04/ma-g4-tech-cs-u04-l06.scoring-guide.json,dc706f07cbeb7686fe026f4f1f9b145f37cba97e31db03d8be232854d3f07312,b78d9ac615fa4935cac85f6c379ba2a3e691cfc922b3aa387e0fb55052715f93
47,ma-g5-technology-u04-l01,5,PROBE,FORMATIVE_NO_PENALTY,GENERIC_SEQUENCE_INDEX,FULL_SOLUTION_BEFORE_ATTEMPT,true,Iteration begins at index 0; all three tests retain every step in order.,trusted solution reference,ATTEMPT_SAFE_SUPPORT_BEFORE_EVIDENCE,false,"Before editing, record the unchanged output and identify which stated rule is first contradicted. Do not look for or request a finished repair.",false,false,true,curriculum-production/student-work/technology-arts-lessons/packages/technology/grade-05/ma-g5-technology-u04-l01.task-package.json,curriculum-production/student-work/technology-arts-lessons/scoring-guides/technology/grade-05/ma-g5-technology-u04-l01.scoring-guide.json,3a70a4fb72e54a7f86909fe35b850806a4c6bc7fcd71db135a8ffcc4afbae5e5,f082af0b213b0c2093d7b5dee355a841e753877c04ff685473251b10ac757279
48,ma-g5-technology-u04-l02,5,MODEL,FORMATIVE_NO_PENALTY,GENERIC_SEQUENCE_INDEX,LEGITIMATE_WORKED_EXAMPLE,false,Iteration begins at index 0; all three tests retain every step in order.,worked example separation,LEGITIMATE_WORKED_EXAMPLE_PRESERVED,false,Iteration begins at index 0; all three tests retain every step in order.,true,true,true,curriculum-production/student-work/technology-arts-lessons/packages/technology/grade-05/ma-g5-technology-u04-l02.task-package.json,curriculum-production/student-work/technology-arts-lessons/scoring-guides/technology/grade-05/ma-g5-technology-u04-l02.scoring-guide.json,60e11e8a298b0f5b3f44b4d14107738ce13f78a0e8d0e220f536282ed104a661,f182b82b82991c48ca725b455566c8038c8fabe5f7a2355afb3146f6e55c4a49
49,ma-g5-technology-u04-l03,5,GUIDED,PROGRESS_EVIDENCE,GENERIC_SEQUENCE_INDEX,FULL_SOLUTION_BEFORE_ATTEMPT,true,Iteration begins at index 0; all three tests retain every step in order.,hint ladder,ATTEMPT_SAFE_SUPPORT_BEFORE_EVIDENCE,false,Trace the value that controls the failing behavior and mark the first step where actual and expected state diverge. Use that location to propose your own smallest edit.,false,false,true,curriculum-production/student-work/technology-arts-lessons/packages/technology/grade-05/ma-g5-technology-u04-l03.task-package.json,curriculum-production/student-work/technology-arts-lessons/scoring-guides/technology/grade-05/ma-g5-technology-u04-l03.scoring-guide.json,1c781784ab9de473e85f2516e970172f481898187101a51e468a1e3766b4a612,7539d0ab47932535a59475c12101d4fdd8dd238800bc99a40d8ab35591276d0e
50,ma-g5-technology-u04-l04,5,BUILD,PROGRESS_EVIDENCE,GENERIC_SEQUENCE_INDEX,FULL_SOLUTION_BEFORE_ATTEMPT,true,Iteration begins at index 0; all three tests retain every step in order.,hint ladder plus trusted solution reference,ATTEMPT_SAFE_SUPPORT_BEFORE_EVIDENCE,false,"Use the three tests to isolate one defect region, then choose and justify the smallest edit that satisfies the specification without weakening a boundary test.",false,false,true,curriculum-production/student-work/technology-arts-lessons/packages/technology/grade-05/ma-g5-technology-u04-l04.task-package.json,curriculum-production/student-work/technology-arts-lessons/scoring-guides/technology/grade-05/ma-g5-technology-u04-l04.scoring-guide.json,766d0ac730c630aeb13acd9a34c7cba8e1296846b913cf6704b1979919cd28cc,ec437fdcd2cd645782228c9386a4538a57801fa7353849843aaadc8041c7202a
51,ma-g5-technology-u04-l05,5,DEMONSTRATE,SUMMATIVE,GENERIC_SEQUENCE_INDEX,SUMMATIVE_SOLUTION_EXPOSURE,true,Iteration begins at index 0; all three tests retain every step in order.,"trusted solution reference, then post-submission review",SUMMATIVE_SOLUTION_WITHHELD_BEFORE_EVIDENCE,false,"Run and record the unchanged program, then diagnose and repair it independently from the specification and tests. No solution or worked repair is included in learner material.",false,false,true,curriculum-production/student-work/technology-arts-lessons/packages/technology/grade-05/ma-g5-technology-u04-l05.task-package.json,curriculum-production/student-work/technology-arts-lessons/scoring-guides/technology/grade-05/ma-g5-technology-u04-l05.scoring-guide.json,681a52c46f2134fac58a147b4cce7ad34ff927b3a6d83c73f53c5fb3c06bdbe5,0386a063246c7fa5d79eda9d558b52afea4931027152f0ba3d5db51721b0b4fc
52,ma-g5-technology-u04-l06,5,CORRECT,PROGRESS_EVIDENCE,GENERIC_SEQUENCE_INDEX,FULL_SOLUTION_BEFORE_ATTEMPT,true,Iteration begins at index 0; all three tests retain every step in order.,post-submission review,ATTEMPT_SAFE_SUPPORT_BEFORE_EVIDENCE,false,Preserve the original run and repair attempt in the defect log. Compare the earliest divergent state with the specification before proposing a revised repair.,false,false,true,curriculum-production/student-work/technology-arts-lessons/packages/technology/grade-05/ma-g5-technology-u04-l06.task-package.json,curriculum-production/student-work/technology-arts-lessons/scoring-guides/technology/grade-05/ma-g5-technology-u04-l06.scoring-guide.json,b8484931b1db4850286129d907778094a0a5451d9d3dd98d693865a94d5d3775,303431ea76e3f33ef4cebdf76e76c7906b857488193d06e0fe952a0ac3bfdb8d
53,ma-g5-technology-u06-l05,5,DEMONSTRATE,SUMMATIVE,GENERIC_SEQUENCE_INDEX,SUMMATIVE_SOLUTION_EXPOSURE,true,Iteration begins at index 0; all three tests retain every step in order.,"trusted solution reference, then post-submission review",SUMMATIVE_SOLUTION_WITHHELD_BEFORE_EVIDENCE,false,"Run and record the unchanged program, then diagnose and repair it independently from the specification and tests. No solution or worked repair is included in learner material.",false,false,true,curriculum-production/student-work/technology-arts-lessons/packages/technology/grade-05/ma-g5-technology-u06-l05.task-package.json,curriculum-production/student-work/technology-arts-lessons/scoring-guides/technology/grade-05/ma-g5-technology-u06-l05.scoring-guide.json,6dc4f34d8593b14d5205c4f538d24ecd791b17a075f0a1dbdb5614471cbaadcc,b6cd1580801b983243d7a633902378554673072d1bb9b3e41cf0d3ac1f976068
54,ma-g7-technology-u02-l01,7,PROBE,FORMATIVE_NO_PENALTY,GENERIC_SEQUENCE_INDEX,FULL_SOLUTION_BEFORE_ATTEMPT,true,Iteration begins at index 0; all three tests retain every step in order.,trusted solution reference,ATTEMPT_SAFE_SUPPORT_BEFORE_EVIDENCE,false,"Before editing, record the unchanged output and identify which stated rule is first contradicted. Do not look for or request a finished repair.",false,false,true,curriculum-production/student-work/technology-arts-lessons/packages/technology/grade-07/ma-g7-technology-u02-l01.task-package.json,curriculum-production/student-work/technology-arts-lessons/scoring-guides/technology/grade-07/ma-g7-technology-u02-l01.scoring-guide.json,6be64e4384bc486eefc5415276094b8b427667aadd4ecc637020d43642781f45,1cd2a57bb8329967780846ddf9e501de9cbd01d005dc95ce0181a4337d5be8e3
55,ma-g7-technology-u02-l02,7,MODEL,FORMATIVE_NO_PENALTY,GENERIC_SEQUENCE_INDEX,LEGITIMATE_WORKED_EXAMPLE,false,Iteration begins at index 0; all three tests retain every step in order.,worked example separation,LEGITIMATE_WORKED_EXAMPLE_PRESERVED,false,Iteration begins at index 0; all three tests retain every step in order.,true,true,true,curriculum-production/student-work/technology-arts-lessons/packages/technology/grade-07/ma-g7-technology-u02-l02.task-package.json,curriculum-production/student-work/technology-arts-lessons/scoring-guides/technology/grade-07/ma-g7-technology-u02-l02.scoring-guide.json,21950492b717178c309a8b866661373f021f01c437d8499a2cdcc0714c53aaba,2db4b63e74a1a60b6047bce46a97b0e9b37f4b1d4c65817f2112ac6c37cbea20
56,ma-g7-technology-u02-l03,7,GUIDED,PROGRESS_EVIDENCE,DATA_AGGREGATION,FULL_SOLUTION_BEFORE_ATTEMPT,true,"The reducer uses total + record.value; the tests return 6, 0, and 0.",hint ladder,ATTEMPT_SAFE_SUPPORT_BEFORE_EVIDENCE,false,Trace the value that controls the failing behavior and mark the first step where actual and expected state diverge. Use that location to propose your own smallest edit.,false,false,true,curriculum-production/student-work/technology-arts-lessons/packages/technology/grade-07/ma-g7-technology-u02-l03.task-package.json,curriculum-production/student-work/technology-arts-lessons/scoring-guides/technology/grade-07/ma-g7-technology-u02-l03.scoring-guide.json,d1b3c2633db4946c271dbc21e4e4edadac13f2bdddac7ee6662ed0934a227b2e,4a48e5529e35901f8348869ad978f921292e4bb48500e21ab956f62d05f1672b
57,ma-g7-technology-u02-l04,7,BUILD,PROGRESS_EVIDENCE,GENERIC_SEQUENCE_INDEX,FULL_SOLUTION_BEFORE_ATTEMPT,true,Iteration begins at index 0; all three tests retain every step in order.,hint ladder plus trusted solution reference,ATTEMPT_SAFE_SUPPORT_BEFORE_EVIDENCE,false,"Use the three tests to isolate one defect region, then choose and justify the smallest edit that satisfies the specification without weakening a boundary test.",false,false,true,curriculum-production/student-work/technology-arts-lessons/packages/technology/grade-07/ma-g7-technology-u02-l04.task-package.json,curriculum-production/student-work/technology-arts-lessons/scoring-guides/technology/grade-07/ma-g7-technology-u02-l04.scoring-guide.json,b3a4c464328fcde32fb6d89d7ae16b1dba4663946c39c12c73d88382728902a3,fbd431fe6d87f698f8263c8675a092b9e808397633fca29451b95afbf1e99ce6
58,ma-g7-technology-u02-l05,7,DEMONSTRATE,SUMMATIVE,GENERIC_SEQUENCE_INDEX,SUMMATIVE_SOLUTION_EXPOSURE,true,Iteration begins at index 0; all three tests retain every step in order.,"trusted solution reference, then post-submission review",SUMMATIVE_SOLUTION_WITHHELD_BEFORE_EVIDENCE,false,"Run and record the unchanged program, then diagnose and repair it independently from the specification and tests. No solution or worked repair is included in learner material.",false,false,true,curriculum-production/student-work/technology-arts-lessons/packages/technology/grade-07/ma-g7-technology-u02-l05.task-package.json,curriculum-production/student-work/technology-arts-lessons/scoring-guides/technology/grade-07/ma-g7-technology-u02-l05.scoring-guide.json,145213696d9b7609566bc1fceaeff87ab963b000dd145b9ffc86193a646ba9fe,67b3c7ac060945c829fa2c57b060bb3a61e94f91c7b91c0c65ac8b9e6130bf37
59,ma-g7-technology-u02-l06,7,CORRECT,PROGRESS_EVIDENCE,GENERIC_SEQUENCE_INDEX,FULL_SOLUTION_BEFORE_ATTEMPT,true,Iteration begins at index 0; all three tests retain every step in order.,post-submission review,ATTEMPT_SAFE_SUPPORT_BEFORE_EVIDENCE,false,Preserve the original run and repair attempt in the defect log. Compare the earliest divergent state with the specification before proposing a revised repair.,false,false,true,curriculum-production/student-work/technology-arts-lessons/packages/technology/grade-07/ma-g7-technology-u02-l06.task-package.json,curriculum-production/student-work/technology-arts-lessons/scoring-guides/technology/grade-07/ma-g7-technology-u02-l06.scoring-guide.json,2533d731f25c3183da62872e572b664c491148eaf6caa24f9ea3431137dddbd3,45717aa1dcb6cff4853d496b1f27ac4d74b8e336ca9db4515429291da5c4ab0a
60,ma-g7-technology-u03-l01,7,PROBE,FORMATIVE_NO_PENALTY,HTML_ACCESSIBLE_LABEL,FULL_SOLUTION_BEFORE_ATTEMPT,true,"The filter checks control.label; the three tests return 1, 0, and 0.",trusted solution reference,ATTEMPT_SAFE_SUPPORT_BEFORE_EVIDENCE,false,"Before editing, record the unchanged output and identify which stated rule is first contradicted. Do not look for or request a finished repair.",false,false,true,curriculum-production/student-work/technology-arts-lessons/packages/technology/grade-07/ma-g7-technology-u03-l01.task-package.json,curriculum-production/student-work/technology-arts-lessons/scoring-guides/technology/grade-07/ma-g7-technology-u03-l01.scoring-guide.json,ad5224c6bb999d6ae43f93461e9f5543729a231be7ca155bd5528ec6ad7acad8,0fd1d7646472bb34408949dead00fd62eec8bfb72aa0357495188206eca21bfe
61,ma-g7-technology-u04-l02,7,MODEL,FORMATIVE_NO_PENALTY,GENERIC_SEQUENCE_INDEX,LEGITIMATE_WORKED_EXAMPLE,false,Iteration begins at index 0; all three tests retain every step in order.,worked example separation,LEGITIMATE_WORKED_EXAMPLE_PRESERVED,false,Iteration begins at index 0; all three tests retain every step in order.,true,true,true,curriculum-production/student-work/technology-arts-lessons/packages/technology/grade-07/ma-g7-technology-u04-l02.task-package.json,curriculum-production/student-work/technology-arts-lessons/scoring-guides/technology/grade-07/ma-g7-technology-u04-l02.scoring-guide.json,38a2481ad3f77219c5df14282597f0f037115fa8a56b1a7e667db5a3597d0297,b20f403e866158dd19935f729295e21e298461f8e2c7972c84c7e37abfb707d9
62,ma-g7-technology-u06-l06,7,CORRECT,PROGRESS_EVIDENCE,GENERIC_SEQUENCE_INDEX,FULL_SOLUTION_BEFORE_ATTEMPT,true,Iteration begins at index 0; all three tests retain every step in order.,post-submission review,ATTEMPT_SAFE_SUPPORT_BEFORE_EVIDENCE,false,Preserve the original run and repair attempt in the defect log. Compare the earliest divergent state with the specification before proposing a revised repair.,false,false,true,curriculum-production/student-work/technology-arts-lessons/packages/technology/grade-07/ma-g7-technology-u06-l06.task-package.json,curriculum-production/student-work/technology-arts-lessons/scoring-guides/technology/grade-07/ma-g7-technology-u06-l06.scoring-guide.json,fff138a4f7edfe3d0fc80721c389e11b6a2dba07f53accce640434204e0fc76c,c034c8a82cd3fe344d9e31ba8b0f2da94f36c7b329f8c36cd6eb077877d0c10d
63,ma-g8-technology-u01-l03,8,GUIDED,PROGRESS_EVIDENCE,GENERIC_SEQUENCE_INDEX,FULL_SOLUTION_BEFORE_ATTEMPT,true,Iteration begins at index 0; all three tests retain every step in order.,hint ladder,ATTEMPT_SAFE_SUPPORT_BEFORE_EVIDENCE,false,Trace the value that controls the failing behavior and mark the first step where actual and expected state diverge. Use that location to propose your own smallest edit.,false,false,true,curriculum-production/student-work/technology-arts-lessons/packages/technology/grade-08/ma-g8-technology-u01-l03.task-package.json,curriculum-production/student-work/technology-arts-lessons/scoring-guides/technology/grade-08/ma-g8-technology-u01-l03.scoring-guide.json,864835ae8256af56ae7b7424194a83718646ba3f451a5dd063055ff8b0a5dc4f,ead8689d4096e1dc0e8713b1a577e57b34e8078c82e11c385ed2fdb8ec9697aa
64,ma-g8-technology-u02-l01,8,PROBE,FORMATIVE_NO_PENALTY,GENERIC_SEQUENCE_INDEX,FULL_SOLUTION_BEFORE_ATTEMPT,true,Iteration begins at index 0; all three tests retain every step in order.,trusted solution reference,ATTEMPT_SAFE_SUPPORT_BEFORE_EVIDENCE,false,"Before editing, record the unchanged output and identify which stated rule is first contradicted. Do not look for or request a finished repair.",false,false,true,curriculum-production/student-work/technology-arts-lessons/packages/technology/grade-08/ma-g8-technology-u02-l01.task-package.json,curriculum-production/student-work/technology-arts-lessons/scoring-guides/technology/grade-08/ma-g8-technology-u02-l01.scoring-guide.json,67bcbc2f26342fafd533da168736a96c04df49cceefc0c4c56900ef157d60e7d,3eb42483f81e823765e026e012f1a49b03d5b906ff15df43cfadc1fde7bc9558
65,ma-g8-technology-u02-l02,8,MODEL,FORMATIVE_NO_PENALTY,GENERIC_SEQUENCE_INDEX,LEGITIMATE_WORKED_EXAMPLE,false,Iteration begins at index 0; all three tests retain every step in order.,worked example separation,LEGITIMATE_WORKED_EXAMPLE_PRESERVED,false,Iteration begins at index 0; all three tests retain every step in order.,true,true,true,curriculum-production/student-work/technology-arts-lessons/packages/technology/grade-08/ma-g8-technology-u02-l02.task-package.json,curriculum-production/student-work/technology-arts-lessons/scoring-guides/technology/grade-08/ma-g8-technology-u02-l02.scoring-guide.json,c4e88a2f48eafd19c874e66c44adb8706653963dca80d8982d835a6fa4cf0add,7c17703f8c02acc232143d3785edd3d5b2fa6b29cef1e3041a4f7b439406c1e7
66,ma-g8-technology-u02-l03,8,GUIDED,PROGRESS_EVIDENCE,GENERIC_SEQUENCE_INDEX,FULL_SOLUTION_BEFORE_ATTEMPT,true,Iteration begins at index 0; all three tests retain every step in order.,hint ladder,ATTEMPT_SAFE_SUPPORT_BEFORE_EVIDENCE,false,Trace the value that controls the failing behavior and mark the first step where actual and expected state diverge. Use that location to propose your own smallest edit.,false,false,true,curriculum-production/student-work/technology-arts-lessons/packages/technology/grade-08/ma-g8-technology-u02-l03.task-package.json,curriculum-production/student-work/technology-arts-lessons/scoring-guides/technology/grade-08/ma-g8-technology-u02-l03.scoring-guide.json,9fd1835b84a3ab1087b80d42ded3ddd0a848fc63428094131fb422ad22cef30f,b7b8630e4dd23feef86935920a96fdf2257edfa10593b59a2e821f83653017b9
67,ma-g8-technology-u02-l04,8,BUILD,PROGRESS_EVIDENCE,GENERIC_SEQUENCE_INDEX,FULL_SOLUTION_BEFORE_ATTEMPT,true,Iteration begins at index 0; all three tests retain every step in order.,hint ladder plus trusted solution reference,ATTEMPT_SAFE_SUPPORT_BEFORE_EVIDENCE,false,"Use the three tests to isolate one defect region, then choose and justify the smallest edit that satisfies the specification without weakening a boundary test.",false,false,true,curriculum-production/student-work/technology-arts-lessons/packages/technology/grade-08/ma-g8-technology-u02-l04.task-package.json,curriculum-production/student-work/technology-arts-lessons/scoring-guides/technology/grade-08/ma-g8-technology-u02-l04.scoring-guide.json,cab9ef74828bec02190d73e43c38581769ed8f851c88fb916efdaaafa9d726fc,667c281328cbb9fc9379346c53aec18fa8153dc4a121c3bb0f25b00a96b76c40
68,ma-g8-technology-u02-l05,8,DEMONSTRATE,SUMMATIVE,GENERIC_SEQUENCE_INDEX,SUMMATIVE_SOLUTION_EXPOSURE,true,Iteration begins at index 0; all three tests retain every step in order.,"trusted solution reference, then post-submission review",SUMMATIVE_SOLUTION_WITHHELD_BEFORE_EVIDENCE,false,"Run and record the unchanged program, then diagnose and repair it independently from the specification and tests. No solution or worked repair is included in learner material.",false,false,true,curriculum-production/student-work/technology-arts-lessons/packages/technology/grade-08/ma-g8-technology-u02-l05.task-package.json,curriculum-production/student-work/technology-arts-lessons/scoring-guides/technology/grade-08/ma-g8-technology-u02-l05.scoring-guide.json,775b655e0066ae575acd82600b4d7c291f05ecf84c5ad741b8d3430b56a28162,a915bb86a59333b680c9a833ee40f9b9664b62af821965a9b4f3c849e8814d9a
69,ma-g8-technology-u03-l06,8,CORRECT,PROGRESS_EVIDENCE,GENERIC_SEQUENCE_INDEX,FULL_SOLUTION_BEFORE_ATTEMPT,true,Iteration begins at index 0; all three tests retain every step in order.,post-submission review,ATTEMPT_SAFE_SUPPORT_BEFORE_EVIDENCE,false,Preserve the original run and repair attempt in the defect log. Compare the earliest divergent state with the specification before proposing a revised repair.,false,false,true,curriculum-production/student-work/technology-arts-lessons/packages/technology/grade-08/ma-g8-technology-u03-l06.task-package.json,curriculum-production/student-work/technology-arts-lessons/scoring-guides/technology/grade-08/ma-g8-technology-u03-l06.scoring-guide.json,c41049faf25430dcee0815afe7aa1549ffe616688d9656472ecf4e6fd97824cb,793736a848ae8aa4eb446e33956125d6d0baa488a2413c6f46f1a84ecd2610ce
70,ma-g8-technology-u04-l03,8,GUIDED,PROGRESS_EVIDENCE,GENERIC_SEQUENCE_INDEX,FULL_SOLUTION_BEFORE_ATTEMPT,true,Iteration begins at index 0; all three tests retain every step in order.,hint ladder,ATTEMPT_SAFE_SUPPORT_BEFORE_EVIDENCE,false,Trace the value that controls the failing behavior and mark the first step where actual and expected state diverge. Use that location to propose your own smallest edit.,false,false,true,curriculum-production/student-work/technology-arts-lessons/packages/technology/grade-08/ma-g8-technology-u04-l03.task-package.json,curriculum-production/student-work/technology-arts-lessons/scoring-guides/technology/grade-08/ma-g8-technology-u04-l03.scoring-guide.json,abac5c321663a402567381cc4ca8bddb77e9fc930d01806da031fa28c5a31302,50b7738c3f92b73564a5a019ded146943883897a06b4dd95bb73523817ca6b48
71,ma-g9-technology-u01-l02,9,MODEL,FORMATIVE_NO_PENALTY,GENERIC_SEQUENCE_INDEX,LEGITIMATE_WORKED_EXAMPLE,false,Iteration begins at index 0; all three tests retain every step in order.,worked example separation,LEGITIMATE_WORKED_EXAMPLE_PRESERVED,false,Iteration begins at index 0; all three tests retain every step in order.,true,true,true,curriculum-production/student-work/technology-arts-lessons/packages/technology/grade-09/ma-g9-technology-u01-l02.task-package.json,curriculum-production/student-work/technology-arts-lessons/scoring-guides/technology/grade-09/ma-g9-technology-u01-l02.scoring-guide.json,72c5e43d97fab07da3dfbb958ff46caeaa462d1060dfdcccb772464e76174772,73b123a4d961a370c35da9b5d25df9c301affc1495b7850ddc320bd8fca359f8
72,ma-g9-technology-u01-l03,9,GUIDED,PROGRESS_EVIDENCE,GENERIC_SEQUENCE_INDEX,FULL_SOLUTION_BEFORE_ATTEMPT,true,Iteration begins at index 0; all three tests retain every step in order.,hint ladder,ATTEMPT_SAFE_SUPPORT_BEFORE_EVIDENCE,false,Trace the value that controls the failing behavior and mark the first step where actual and expected state diverge. Use that location to propose your own smallest edit.,false,false,true,curriculum-production/student-work/technology-arts-lessons/packages/technology/grade-09/ma-g9-technology-u01-l03.task-package.json,curriculum-production/student-work/technology-arts-lessons/scoring-guides/technology/grade-09/ma-g9-technology-u01-l03.scoring-guide.json,eb8d4adc25b26804069328984522b2b8b1bb56dbff3735fba8a777f26c6f59bb,8df8dee5754994ca7e88efeafe9496bd1e836edb7d9d68092ca528d872a0c189
73,ma-g9-technology-u01-l04,9,BUILD,PROGRESS_EVIDENCE,STALE_STATE_UPDATE,FULL_SOLUTION_BEFORE_ATTEMPT,true,"Each assignment uses current + delta; the tests return 4, 5, and 5.",hint ladder plus trusted solution reference,ATTEMPT_SAFE_SUPPORT_BEFORE_EVIDENCE,false,"Use the three tests to isolate one defect region, then choose and justify the smallest edit that satisfies the specification without weakening a boundary test.",false,false,true,curriculum-production/student-work/technology-arts-lessons/packages/technology/grade-09/ma-g9-technology-u01-l04.task-package.json,curriculum-production/student-work/technology-arts-lessons/scoring-guides/technology/grade-09/ma-g9-technology-u01-l04.scoring-guide.json,7e62ecc56a4f687e8021f726c72f980fc6e437cdee0e6f8992ace747d9cca600,260484b625115b8719e694cfcde31376fc1071a64ed238b95f070da26b2b8e74
74,ma-g9-technology-u01-l05,9,DEMONSTRATE,SUMMATIVE,GENERIC_SEQUENCE_INDEX,SUMMATIVE_SOLUTION_EXPOSURE,true,Iteration begins at index 0; all three tests retain every step in order.,"trusted solution reference, then post-submission review",SUMMATIVE_SOLUTION_WITHHELD_BEFORE_EVIDENCE,false,"Run and record the unchanged program, then diagnose and repair it independently from the specification and tests. No solution or worked repair is included in learner material.",false,false,true,curriculum-production/student-work/technology-arts-lessons/packages/technology/grade-09/ma-g9-technology-u01-l05.task-package.json,curriculum-production/student-work/technology-arts-lessons/scoring-guides/technology/grade-09/ma-g9-technology-u01-l05.scoring-guide.json,a9dfdde87b775fbcdf67bab6120e5fd3506531bf2fe878688c1d8e618e344286,482916176e3069e5bf7f97d9f1730d6fec32fc9d8fb2e978bda75c60436aeac8
75,ma-g9-technology-u01-l06,9,CORRECT,PROGRESS_EVIDENCE,GENERIC_SEQUENCE_INDEX,FULL_SOLUTION_BEFORE_ATTEMPT,true,Iteration begins at index 0; all three tests retain every step in order.,post-submission review,ATTEMPT_SAFE_SUPPORT_BEFORE_EVIDENCE,false,Preserve the original run and repair attempt in the defect log. Compare the earliest divergent state with the specification before proposing a revised repair.,false,false,true,curriculum-production/student-work/technology-arts-lessons/packages/technology/grade-09/ma-g9-technology-u01-l06.task-package.json,curriculum-production/student-work/technology-arts-lessons/scoring-guides/technology/grade-09/ma-g9-technology-u01-l06.scoring-guide.json,41ede9024232984f3f56f4d3358b195a30f34f60468a7b1519475883e808e1bd,36bdb96796f7cc4a35f6ab9d4d8952387fb7e3e12cb06acfe244d1e5e5e03bb6
76,ma-g9-technology-u02-l01,9,PROBE,FORMATIVE_NO_PENALTY,DATA_AGGREGATION,FULL_SOLUTION_BEFORE_ATTEMPT,true,"The reducer uses total + record.value; the tests return 6, 0, and 0.",trusted solution reference,ATTEMPT_SAFE_SUPPORT_BEFORE_EVIDENCE,false,"Before editing, record the unchanged output and identify which stated rule is first contradicted. Do not look for or request a finished repair.",false,false,true,curriculum-production/student-work/technology-arts-lessons/packages/technology/grade-09/ma-g9-technology-u02-l01.task-package.json,curriculum-production/student-work/technology-arts-lessons/scoring-guides/technology/grade-09/ma-g9-technology-u02-l01.scoring-guide.json,4a3c9417887593dc02eb74f7d769bb0e4a418a354d806a340a12c34874407ca5,4d1b74e61b886b45f85c518788ac1af9c1942d4a77e068301fbbd6352941dd8a
77,ma-g9-technology-u02-l02,9,MODEL,FORMATIVE_NO_PENALTY,GENERIC_SEQUENCE_INDEX,LEGITIMATE_WORKED_EXAMPLE,false,Iteration begins at index 0; all three tests retain every step in order.,worked example separation,LEGITIMATE_WORKED_EXAMPLE_PRESERVED,false,Iteration begins at index 0; all three tests retain every step in order.,true,true,true,curriculum-production/student-work/technology-arts-lessons/packages/technology/grade-09/ma-g9-technology-u02-l02.task-package.json,curriculum-production/student-work/technology-arts-lessons/scoring-guides/technology/grade-09/ma-g9-technology-u02-l02.scoring-guide.json,b58d66c440db12f9837322e1b3a0647ad296dbecb66d8c7460a0dce5c14515ad,611e0f87106d7bcd2583d72fd6bd2bb5af069ba086b21c5516a0bd8929c28e3e
78,ma-g9-technology-u02-l03,9,GUIDED,PROGRESS_EVIDENCE,GENERIC_SEQUENCE_INDEX,FULL_SOLUTION_BEFORE_ATTEMPT,true,Iteration begins at index 0; all three tests retain every step in order.,hint ladder,ATTEMPT_SAFE_SUPPORT_BEFORE_EVIDENCE,false,Trace the value that controls the failing behavior and mark the first step where actual and expected state diverge. Use that location to propose your own smallest edit.,false,false,true,curriculum-production/student-work/technology-arts-lessons/packages/technology/grade-09/ma-g9-technology-u02-l03.task-package.json,curriculum-production/student-work/technology-arts-lessons/scoring-guides/technology/grade-09/ma-g9-technology-u02-l03.scoring-guide.json,298eec18d841eb7e2ef8bd2371b72454ee2ffbc9d373e01c140aa3f4ae39fcf7,e56e432fb01845be1a0d40750d3e7016a8033f0503c935af4b79502d725035c0
79,ma-g9-technology-u02-l04,9,BUILD,PROGRESS_EVIDENCE,GENERIC_SEQUENCE_INDEX,FULL_SOLUTION_BEFORE_ATTEMPT,true,Iteration begins at index 0; all three tests retain every step in order.,hint ladder plus trusted solution reference,ATTEMPT_SAFE_SUPPORT_BEFORE_EVIDENCE,false,"Use the three tests to isolate one defect region, then choose and justify the smallest edit that satisfies the specification without weakening a boundary test.",false,false,true,curriculum-production/student-work/technology-arts-lessons/packages/technology/grade-09/ma-g9-technology-u02-l04.task-package.json,curriculum-production/student-work/technology-arts-lessons/scoring-guides/technology/grade-09/ma-g9-technology-u02-l04.scoring-guide.json,e7b336f3d5a4dd8d50e97222a7d930e771f8a97c6ac24f52fabb464a5c7efa71,a8c3423490aeb044b1aeb8a5ee2f4bd8bea6262266f0f07b0fa38c7f32a20148
80,ma-g9-technology-u02-l05,9,DEMONSTRATE,SUMMATIVE,GENERIC_SEQUENCE_INDEX,SUMMATIVE_SOLUTION_EXPOSURE,true,Iteration begins at index 0; all three tests retain every step in order.,"trusted solution reference, then post-submission review",SUMMATIVE_SOLUTION_WITHHELD_BEFORE_EVIDENCE,false,"Run and record the unchanged program, then diagnose and repair it independently from the specification and tests. No solution or worked repair is included in learner material.",false,false,true,curriculum-production/student-work/technology-arts-lessons/packages/technology/grade-09/ma-g9-technology-u02-l05.task-package.json,curriculum-production/student-work/technology-arts-lessons/scoring-guides/technology/grade-09/ma-g9-technology-u02-l05.scoring-guide.json,c8a844c4c1a1b36defa537d249b3a2e52f07a8f078a7d18c1d758e0d8284d242,0ee43be325efbcdc27d7354d96429284a1dad324ba45143c553292a543f09c53
81,ma-g9-technology-u02-l06,9,CORRECT,PROGRESS_EVIDENCE,GENERIC_SEQUENCE_INDEX,FULL_SOLUTION_BEFORE_ATTEMPT,true,Iteration begins at index 0; all three tests retain every step in order.,post-submission review,ATTEMPT_SAFE_SUPPORT_BEFORE_EVIDENCE,false,Preserve the original run and repair attempt in the defect log. Compare the earliest divergent state with the specification before proposing a revised repair.,false,false,true,curriculum-production/student-work/technology-arts-lessons/packages/technology/grade-09/ma-g9-technology-u02-l06.task-package.json,curriculum-production/student-work/technology-arts-lessons/scoring-guides/technology/grade-09/ma-g9-technology-u02-l06.scoring-guide.json,22a6010e1852bec47c006d56d10dcf32db91b450b7fde8b57d65a0a224724d09,8cdca2e72674fef2662ecdc62cdfaf08a32362f8714f3db7f2ec8bdfe84296a9
82,ma-g9-technology-u03-l01,9,PROBE,FORMATIVE_NO_PENALTY,OBJECT_STATE_UPDATE,FULL_SOLUTION_BEFORE_ATTEMPT,true,"The update combines this.value with amount; the three tests return 5, 0, and 3.",trusted solution reference,ATTEMPT_SAFE_SUPPORT_BEFORE_EVIDENCE,false,"Before editing, record the unchanged output and identify which stated rule is first contradicted. Do not look for or request a finished repair.",false,false,true,curriculum-production/student-work/technology-arts-lessons/packages/technology/grade-09/ma-g9-technology-u03-l01.task-package.json,curriculum-production/student-work/technology-arts-lessons/scoring-guides/technology/grade-09/ma-g9-technology-u03-l01.scoring-guide.json,d647003f6ba65f60cf8390a9ddb963cd6cc10d6e6b34e54194ecaa3d1ac67153,eba0429a197d8938fb193b37792ba1055b4ffbf58c2adfd9d9840536803e646e
83,ma-g9-technology-u03-l02,9,MODEL,FORMATIVE_NO_PENALTY,STALE_STATE_UPDATE,LEGITIMATE_WORKED_EXAMPLE,false,"Each assignment uses current + delta; the tests return 4, 5, and 5.",worked example separation,LEGITIMATE_WORKED_EXAMPLE_PRESERVED,false,"Each assignment uses current + delta; the tests return 4, 5, and 5.",true,true,true,curriculum-production/student-work/technology-arts-lessons/packages/technology/grade-09/ma-g9-technology-u03-l02.task-package.json,curriculum-production/student-work/technology-arts-lessons/scoring-guides/technology/grade-09/ma-g9-technology-u03-l02.scoring-guide.json,d89bac0e5b7d1b0f5553a73f342996f8f10cb95972fc9562ffca02555283f725,6b0ea911f371d43ae62fb94bf4a70e54bcde8ef499cf600293cd2dcb618117da
84,ma-g9-technology-u03-l03,9,GUIDED,PROGRESS_EVIDENCE,GENERIC_SEQUENCE_INDEX,FULL_SOLUTION_BEFORE_ATTEMPT,true,Iteration begins at index 0; all three tests retain every step in order.,hint ladder,ATTEMPT_SAFE_SUPPORT_BEFORE_EVIDENCE,false,Trace the value that controls the failing behavior and mark the first step where actual and expected state diverge. Use that location to propose your own smallest edit.,false,false,true,curriculum-production/student-work/technology-arts-lessons/packages/technology/grade-09/ma-g9-technology-u03-l03.task-package.json,curriculum-production/student-work/technology-arts-lessons/scoring-guides/technology/grade-09/ma-g9-technology-u03-l03.scoring-guide.json,80172dce0dea7b6b4608f2d54f033514d3db6f36b005abc0603249780459c8fe,866091cb5cb7452c0808ee2c20828c66ababeac91dd4264e10a8dab8b3cde899
85,ma-g9-technology-u03-l05,9,DEMONSTRATE,SUMMATIVE,GENERIC_SEQUENCE_INDEX,SUMMATIVE_SOLUTION_EXPOSURE,true,Iteration begins at index 0; all three tests retain every step in order.,"trusted solution reference, then post-submission review",SUMMATIVE_SOLUTION_WITHHELD_BEFORE_EVIDENCE,false,"Run and record the unchanged program, then diagnose and repair it independently from the specification and tests. No solution or worked repair is included in learner material.",false,false,true,curriculum-production/student-work/technology-arts-lessons/packages/technology/grade-09/ma-g9-technology-u03-l05.task-package.json,curriculum-production/student-work/technology-arts-lessons/scoring-guides/technology/grade-09/ma-g9-technology-u03-l05.scoring-guide.json,f121226ccaaba9a88127aa0e210fe44f50f1dfd2bbbabe414c5a1fd9874b9db7,e5b113079cf42c2bb8f1319c6153f2abe6eede6a528e841986e67d3c83e20a24
86,ma-g9-technology-u03-l06,9,CORRECT,PROGRESS_EVIDENCE,GENERIC_SEQUENCE_INDEX,FULL_SOLUTION_BEFORE_ATTEMPT,true,Iteration begins at index 0; all three tests retain every step in order.,post-submission review,ATTEMPT_SAFE_SUPPORT_BEFORE_EVIDENCE,false,Preserve the original run and repair attempt in the defect log. Compare the earliest divergent state with the specification before proposing a revised repair.,false,false,true,curriculum-production/student-work/technology-arts-lessons/packages/technology/grade-09/ma-g9-technology-u03-l06.task-package.json,curriculum-production/student-work/technology-arts-lessons/scoring-guides/technology/grade-09/ma-g9-technology-u03-l06.scoring-guide.json,401228b7128ee345d04612bb7e39443468ce3ef8493d19eccafd1e67497f3c54,2888e9e0b01734b91e3626230d94cb46110fce28a14012beb8efb5230fc109a9
87,ma-g9-technology-u04-l03,9,GUIDED,PROGRESS_EVIDENCE,STALE_STATE_UPDATE,FULL_SOLUTION_BEFORE_ATTEMPT,true,"Each assignment uses current + delta; the tests return 4, 5, and 5.",hint ladder,ATTEMPT_SAFE_SUPPORT_BEFORE_EVIDENCE,false,Trace the value that controls the failing behavior and mark the first step where actual and expected state diverge. Use that location to propose your own smallest edit.,false,false,true,curriculum-production/student-work/technology-arts-lessons/packages/technology/grade-09/ma-g9-technology-u04-l03.task-package.json,curriculum-production/student-work/technology-arts-lessons/scoring-guides/technology/grade-09/ma-g9-technology-u04-l03.scoring-guide.json,4528ce3991a3ffc5417736e2eda7ddfbc5907519a7f38a3411bb5e0b99c1932c,670ec84ef1b4f3cd090112e3a4d92b4e862a4aa62cf55b707dcad0b9c33856d8
