course_day,lesson_id,package,answer_key,status,origin
1,ma-g12-mathematics-u01-l01,active/packages/grade-12/ma-g12-mathematics-u01-l01.package.json,active/answer-keys/grade-12/ma-g12-mathematics-u01-l01.key.json,ACTIVE,math-production-materials
2,ma-g12-mathematics-u01-l02,active/packages/grade-12/ma-g12-mathematics-u01-l02.package.json,active/answer-keys/grade-12/ma-g12-mathematics-u01-l02.key.json,ACTIVE,math-production-materials
3,ma-g12-mathematics-u01-l03,active/packages/grade-12/ma-g12-mathematics-u01-l03.package.json,active/answer-keys/grade-12/ma-g12-mathematics-u01-l03.key.json,ACTIVE,math-production-materials
4,ma-g12-mathematics-u01-l04,active/packages/grade-12/ma-g12-mathematics-u01-l04.package.json,active/answer-keys/grade-12/ma-g12-mathematics-u01-l04.key.json,ACTIVE,math-production-materials
5,ma-g12-mathematics-u01-l05,active/packages/grade-12/ma-g12-mathematics-u01-l05.package.json,active/answer-keys/grade-12/ma-g12-mathematics-u01-l05.key.json,ACTIVE,math-production-materials
6,ma-g12-mathematics-u01-l06,active/packages/grade-12/ma-g12-mathematics-u01-l06.package.json,active/answer-keys/grade-12/ma-g12-mathematics-u01-l06.key.json,ACTIVE,math-production-materials
7,ma-g12-mathematics-u01-l07,active/packages/grade-12/ma-g12-mathematics-u01-l07.package.json,active/answer-keys/grade-12/ma-g12-mathematics-u01-l07.key.json,ACTIVE,math-production-materials
8,ma-g12-mathematics-u01-l08,active/packages/grade-12/ma-g12-mathematics-u01-l08.package.json,active/answer-keys/grade-12/ma-g12-mathematics-u01-l08.key.json,ACTIVE,math-production-materials
9,ma-g12-mathematics-u01-l09,active/packages/grade-12/ma-g12-mathematics-u01-l09.package.json,active/answer-keys/grade-12/ma-g12-mathematics-u01-l09.key.json,ACTIVE,math-production-materials
10,ma-g12-mathematics-u01-l10,active/packages/grade-12/ma-g12-mathematics-u01-l10.package.json,active/answer-keys/grade-12/ma-g12-mathematics-u01-l10.key.json,ACTIVE,math-production-materials
11,ma-g12-mathematics-u01-l11,active/packages/grade-12/ma-g12-mathematics-u01-l11.package.json,active/answer-keys/grade-12/ma-g12-mathematics-u01-l11.key.json,ACTIVE,math-production-materials
12,ma-g12-mathematics-u01-l12,active/packages/grade-12/ma-g12-mathematics-u01-l12.package.json,active/answer-keys/grade-12/ma-g12-mathematics-u01-l12.key.json,ACTIVE,math-production-materials
13,ma-g12-mathematics-u01-l13,active/packages/grade-12/ma-g12-mathematics-u01-l13.package.json,active/answer-keys/grade-12/ma-g12-mathematics-u01-l13.key.json,ACTIVE,math-production-materials
14,ma-g12-mathematics-u01-l14,active/packages/grade-12/ma-g12-mathematics-u01-l14.package.json,active/answer-keys/grade-12/ma-g12-mathematics-u01-l14.key.json,ACTIVE,math-production-materials
15,ma-g12-mathematics-u01-l15,active/packages/grade-12/ma-g12-mathematics-u01-l15.package.json,active/answer-keys/grade-12/ma-g12-mathematics-u01-l15.key.json,ACTIVE,math-production-materials
16,ma-g12-mathematics-u01-l16,active/packages/grade-12/ma-g12-mathematics-u01-l16.package.json,active/answer-keys/grade-12/ma-g12-mathematics-u01-l16.key.json,ACTIVE,math-production-materials
17,ma-g12-mathematics-u01-l17,active/packages/grade-12/ma-g12-mathematics-u01-l17.package.json,active/answer-keys/grade-12/ma-g12-mathematics-u01-l17.key.json,ACTIVE,math-production-materials
18,ma-g12-mathematics-u01-l18,active/packages/grade-12/ma-g12-mathematics-u01-l18.package.json,active/answer-keys/grade-12/ma-g12-mathematics-u01-l18.key.json,ACTIVE,math-production-materials
19,ma-g12-mathematics-u02-l01,active/packages/grade-12/ma-g12-mathematics-u02-l01.package.json,active/answer-keys/grade-12/ma-g12-mathematics-u02-l01.key.json,ACTIVE,math-production-materials
20,ma-g12-mathematics-u02-l02,active/packages/grade-12/ma-g12-mathematics-u02-l02.package.json,active/answer-keys/grade-12/ma-g12-mathematics-u02-l02.key.json,ACTIVE,math-production-materials
21,ma-g12-mathematics-u02-l03,active/packages/grade-12/ma-g12-mathematics-u02-l03.package.json,active/answer-keys/grade-12/ma-g12-mathematics-u02-l03.key.json,ACTIVE,math-production-materials
22,ma-g12-mathematics-u02-l04,active/packages/grade-12/ma-g12-mathematics-u02-l04.package.json,active/answer-keys/grade-12/ma-g12-mathematics-u02-l04.key.json,ACTIVE,math-production-materials
23,ma-g12-mathematics-u02-l05,active/packages/grade-12/ma-g12-mathematics-u02-l05.package.json,active/answer-keys/grade-12/ma-g12-mathematics-u02-l05.key.json,ACTIVE,math-production-materials
24,ma-g12-mathematics-u02-l06,active/packages/grade-12/ma-g12-mathematics-u02-l06.package.json,active/answer-keys/grade-12/ma-g12-mathematics-u02-l06.key.json,ACTIVE,math-production-materials
25,ma-g12-mathematics-u02-l07,active/packages/grade-12/ma-g12-mathematics-u02-l07.package.json,active/answer-keys/grade-12/ma-g12-mathematics-u02-l07.key.json,ACTIVE,math-production-materials
26,ma-g12-mathematics-u02-l08,active/packages/grade-12/ma-g12-mathematics-u02-l08.package.json,active/answer-keys/grade-12/ma-g12-mathematics-u02-l08.key.json,ACTIVE,math-production-materials
27,ma-g12-mathematics-u02-l09,active/packages/grade-12/ma-g12-mathematics-u02-l09.package.json,active/answer-keys/grade-12/ma-g12-mathematics-u02-l09.key.json,ACTIVE,math-production-materials
28,ma-g12-mathematics-u02-l10,active/packages/grade-12/ma-g12-mathematics-u02-l10.package.json,active/answer-keys/grade-12/ma-g12-mathematics-u02-l10.key.json,ACTIVE,math-production-materials
29,ma-g12-mathematics-u02-l11,active/packages/grade-12/ma-g12-mathematics-u02-l11.package.json,active/answer-keys/grade-12/ma-g12-mathematics-u02-l11.key.json,ACTIVE,math-production-materials
30,ma-g12-mathematics-u02-l12,active/packages/grade-12/ma-g12-mathematics-u02-l12.package.json,active/answer-keys/grade-12/ma-g12-mathematics-u02-l12.key.json,ACTIVE,math-production-materials
31,ma-g12-mathematics-u02-l13,active/packages/grade-12/ma-g12-mathematics-u02-l13.package.json,active/answer-keys/grade-12/ma-g12-mathematics-u02-l13.key.json,ACTIVE,math-production-materials
32,ma-g12-mathematics-u02-l14,active/packages/grade-12/ma-g12-mathematics-u02-l14.package.json,active/answer-keys/grade-12/ma-g12-mathematics-u02-l14.key.json,ACTIVE,math-production-materials
33,ma-g12-mathematics-u02-l15,active/packages/grade-12/ma-g12-mathematics-u02-l15.package.json,active/answer-keys/grade-12/ma-g12-mathematics-u02-l15.key.json,ACTIVE,math-production-materials
34,ma-g12-mathematics-u02-l16,active/packages/grade-12/ma-g12-mathematics-u02-l16.package.json,active/answer-keys/grade-12/ma-g12-mathematics-u02-l16.key.json,ACTIVE,math-production-materials
35,ma-g12-mathematics-u02-l17,active/packages/grade-12/ma-g12-mathematics-u02-l17.package.json,active/answer-keys/grade-12/ma-g12-mathematics-u02-l17.key.json,ACTIVE,math-production-materials
36,ma-g12-mathematics-u02-l18,active/packages/grade-12/ma-g12-mathematics-u02-l18.package.json,active/answer-keys/grade-12/ma-g12-mathematics-u02-l18.key.json,ACTIVE,math-production-materials
37,ma-g12-mathematics-u03-l01,active/packages/grade-12/ma-g12-mathematics-u03-l01.package.json,active/answer-keys/grade-12/ma-g12-mathematics-u03-l01.key.json,ACTIVE,math-production-materials
38,ma-g12-mathematics-u03-l02,active/packages/grade-12/ma-g12-mathematics-u03-l02.package.json,active/answer-keys/grade-12/ma-g12-mathematics-u03-l02.key.json,ACTIVE,math-production-materials
39,ma-g12-mathematics-u03-l03,active/packages/grade-12/ma-g12-mathematics-u03-l03.package.json,active/answer-keys/grade-12/ma-g12-mathematics-u03-l03.key.json,ACTIVE,math-production-materials
40,ma-g12-mathematics-u03-l04,active/packages/grade-12/ma-g12-mathematics-u03-l04.package.json,active/answer-keys/grade-12/ma-g12-mathematics-u03-l04.key.json,ACTIVE,math-production-materials
41,ma-g12-mathematics-u03-l05,active/packages/grade-12/ma-g12-mathematics-u03-l05.package.json,active/answer-keys/grade-12/ma-g12-mathematics-u03-l05.key.json,ACTIVE,math-production-materials
42,ma-g12-mathematics-u03-l06,active/packages/grade-12/ma-g12-mathematics-u03-l06.package.json,active/answer-keys/grade-12/ma-g12-mathematics-u03-l06.key.json,ACTIVE,math-production-materials
43,ma-g12-mathematics-u03-l07,active/packages/grade-12/ma-g12-mathematics-u03-l07.package.json,active/answer-keys/grade-12/ma-g12-mathematics-u03-l07.key.json,ACTIVE,math-production-materials
44,ma-g12-mathematics-u03-l08,active/packages/grade-12/ma-g12-mathematics-u03-l08.package.json,active/answer-keys/grade-12/ma-g12-mathematics-u03-l08.key.json,ACTIVE,math-production-materials
45,ma-g12-mathematics-u03-l09,active/packages/grade-12/ma-g12-mathematics-u03-l09.package.json,active/answer-keys/grade-12/ma-g12-mathematics-u03-l09.key.json,ACTIVE,math-production-materials
46,ma-g12-mathematics-u03-l10,active/packages/grade-12/ma-g12-mathematics-u03-l10.package.json,active/answer-keys/grade-12/ma-g12-mathematics-u03-l10.key.json,ACTIVE,math-production-materials
47,ma-g12-mathematics-u03-l11,active/packages/grade-12/ma-g12-mathematics-u03-l11.package.json,active/answer-keys/grade-12/ma-g12-mathematics-u03-l11.key.json,ACTIVE,math-production-materials
48,ma-g12-mathematics-u03-l12,active/packages/grade-12/ma-g12-mathematics-u03-l12.package.json,active/answer-keys/grade-12/ma-g12-mathematics-u03-l12.key.json,ACTIVE,math-production-materials
49,ma-g12-mathematics-u03-l13,active/packages/grade-12/ma-g12-mathematics-u03-l13.package.json,active/answer-keys/grade-12/ma-g12-mathematics-u03-l13.key.json,ACTIVE,math-production-materials
50,ma-g12-mathematics-u03-l14,active/packages/grade-12/ma-g12-mathematics-u03-l14.package.json,active/answer-keys/grade-12/ma-g12-mathematics-u03-l14.key.json,ACTIVE,math-production-materials
51,ma-g12-mathematics-u03-l15,active/packages/grade-12/ma-g12-mathematics-u03-l15.package.json,active/answer-keys/grade-12/ma-g12-mathematics-u03-l15.key.json,ACTIVE,math-production-materials
52,ma-g12-mathematics-u03-l16,active/packages/grade-12/ma-g12-mathematics-u03-l16.package.json,active/answer-keys/grade-12/ma-g12-mathematics-u03-l16.key.json,ACTIVE,math-production-materials
53,ma-g12-mathematics-u03-l17,active/packages/grade-12/ma-g12-mathematics-u03-l17.package.json,active/answer-keys/grade-12/ma-g12-mathematics-u03-l17.key.json,ACTIVE,math-production-materials
54,ma-g12-mathematics-u03-l18,active/packages/grade-12/ma-g12-mathematics-u03-l18.package.json,active/answer-keys/grade-12/ma-g12-mathematics-u03-l18.key.json,ACTIVE,math-production-materials
55,ma-g12-mathematics-u04-l01,active/packages/grade-12/ma-g12-mathematics-u04-l01.package.json,active/answer-keys/grade-12/ma-g12-mathematics-u04-l01.key.json,ACTIVE,math-production-materials
56,ma-g12-mathematics-u04-l02,active/packages/grade-12/ma-g12-mathematics-u04-l02.package.json,active/answer-keys/grade-12/ma-g12-mathematics-u04-l02.key.json,ACTIVE,math-production-materials
57,ma-g12-mathematics-u04-l03,active/packages/grade-12/ma-g12-mathematics-u04-l03.package.json,active/answer-keys/grade-12/ma-g12-mathematics-u04-l03.key.json,ACTIVE,math-production-materials
58,ma-g12-mathematics-u04-l04,active/packages/grade-12/ma-g12-mathematics-u04-l04.package.json,active/answer-keys/grade-12/ma-g12-mathematics-u04-l04.key.json,ACTIVE,math-production-materials
59,ma-g12-mathematics-u04-l05,active/packages/grade-12/ma-g12-mathematics-u04-l05.package.json,active/answer-keys/grade-12/ma-g12-mathematics-u04-l05.key.json,ACTIVE,math-production-materials
60,ma-g12-mathematics-u04-l06,active/packages/grade-12/ma-g12-mathematics-u04-l06.package.json,active/answer-keys/grade-12/ma-g12-mathematics-u04-l06.key.json,ACTIVE,math-production-materials
61,ma-g12-mathematics-u04-l07,active/packages/grade-12/ma-g12-mathematics-u04-l07.package.json,active/answer-keys/grade-12/ma-g12-mathematics-u04-l07.key.json,ACTIVE,math-production-materials
62,ma-g12-mathematics-u04-l08,active/packages/grade-12/ma-g12-mathematics-u04-l08.package.json,active/answer-keys/grade-12/ma-g12-mathematics-u04-l08.key.json,ACTIVE,math-production-materials
63,ma-g12-mathematics-u04-l09,active/packages/grade-12/ma-g12-mathematics-u04-l09.package.json,active/answer-keys/grade-12/ma-g12-mathematics-u04-l09.key.json,ACTIVE,math-production-materials
64,ma-g12-mathematics-u04-l10,active/packages/grade-12/ma-g12-mathematics-u04-l10.package.json,active/answer-keys/grade-12/ma-g12-mathematics-u04-l10.key.json,ACTIVE,math-production-materials
65,ma-g12-mathematics-u04-l11,active/packages/grade-12/ma-g12-mathematics-u04-l11.package.json,active/answer-keys/grade-12/ma-g12-mathematics-u04-l11.key.json,ACTIVE,math-production-materials
66,ma-g12-mathematics-u04-l12,active/packages/grade-12/ma-g12-mathematics-u04-l12.package.json,active/answer-keys/grade-12/ma-g12-mathematics-u04-l12.key.json,ACTIVE,math-production-materials
67,ma-g12-mathematics-u04-l13,active/packages/grade-12/ma-g12-mathematics-u04-l13.package.json,active/answer-keys/grade-12/ma-g12-mathematics-u04-l13.key.json,ACTIVE,math-production-materials
68,ma-g12-mathematics-u04-l14,active/packages/grade-12/ma-g12-mathematics-u04-l14.package.json,active/answer-keys/grade-12/ma-g12-mathematics-u04-l14.key.json,ACTIVE,math-production-materials
69,ma-g12-mathematics-u04-l15,active/packages/grade-12/ma-g12-mathematics-u04-l15.package.json,active/answer-keys/grade-12/ma-g12-mathematics-u04-l15.key.json,ACTIVE,math-production-materials
70,ma-g12-mathematics-u04-l16,active/packages/grade-12/ma-g12-mathematics-u04-l16.package.json,active/answer-keys/grade-12/ma-g12-mathematics-u04-l16.key.json,ACTIVE,math-production-materials
71,ma-g12-mathematics-u04-l17,active/packages/grade-12/ma-g12-mathematics-u04-l17.package.json,active/answer-keys/grade-12/ma-g12-mathematics-u04-l17.key.json,ACTIVE,math-production-materials
72,ma-g12-mathematics-u04-l18,active/packages/grade-12/ma-g12-mathematics-u04-l18.package.json,active/answer-keys/grade-12/ma-g12-mathematics-u04-l18.key.json,ACTIVE,math-production-materials
73,ma-g12-mathematics-u05-l01,active/packages/grade-12/ma-g12-mathematics-u05-l01.package.json,active/answer-keys/grade-12/ma-g12-mathematics-u05-l01.key.json,ACTIVE,math-production-materials
74,ma-g12-mathematics-u05-l02,active/packages/grade-12/ma-g12-mathematics-u05-l02.package.json,active/answer-keys/grade-12/ma-g12-mathematics-u05-l02.key.json,ACTIVE,math-production-materials
75,ma-g12-mathematics-u05-l03,active/packages/grade-12/ma-g12-mathematics-u05-l03.package.json,active/answer-keys/grade-12/ma-g12-mathematics-u05-l03.key.json,ACTIVE,math-production-materials
76,ma-g12-mathematics-u05-l04,active/packages/grade-12/ma-g12-mathematics-u05-l04.package.json,active/answer-keys/grade-12/ma-g12-mathematics-u05-l04.key.json,ACTIVE,math-production-materials
77,ma-g12-mathematics-u05-l05,active/packages/grade-12/ma-g12-mathematics-u05-l05.package.json,active/answer-keys/grade-12/ma-g12-mathematics-u05-l05.key.json,ACTIVE,math-production-materials
78,ma-g12-mathematics-u05-l06,active/packages/grade-12/ma-g12-mathematics-u05-l06.package.json,active/answer-keys/grade-12/ma-g12-mathematics-u05-l06.key.json,ACTIVE,math-production-materials
79,ma-g12-mathematics-u05-l07,active/packages/grade-12/ma-g12-mathematics-u05-l07.package.json,active/answer-keys/grade-12/ma-g12-mathematics-u05-l07.key.json,ACTIVE,math-production-materials
80,ma-g12-mathematics-u05-l08,active/packages/grade-12/ma-g12-mathematics-u05-l08.package.json,active/answer-keys/grade-12/ma-g12-mathematics-u05-l08.key.json,ACTIVE,math-production-materials
81,ma-g12-mathematics-u05-l09,active/packages/grade-12/ma-g12-mathematics-u05-l09.package.json,active/answer-keys/grade-12/ma-g12-mathematics-u05-l09.key.json,ACTIVE,math-production-materials
82,ma-g12-mathematics-u05-l10,active/packages/grade-12/ma-g12-mathematics-u05-l10.package.json,active/answer-keys/grade-12/ma-g12-mathematics-u05-l10.key.json,ACTIVE,math-production-materials
83,ma-g12-mathematics-u05-l11,active/packages/grade-12/ma-g12-mathematics-u05-l11.package.json,active/answer-keys/grade-12/ma-g12-mathematics-u05-l11.key.json,ACTIVE,math-production-materials
84,ma-g12-mathematics-u05-l12,active/packages/grade-12/ma-g12-mathematics-u05-l12.package.json,active/answer-keys/grade-12/ma-g12-mathematics-u05-l12.key.json,ACTIVE,math-production-materials
85,ma-g12-mathematics-u05-l13,active/packages/grade-12/ma-g12-mathematics-u05-l13.package.json,active/answer-keys/grade-12/ma-g12-mathematics-u05-l13.key.json,ACTIVE,math-production-materials
86,ma-g12-mathematics-u05-l14,active/packages/grade-12/ma-g12-mathematics-u05-l14.package.json,active/answer-keys/grade-12/ma-g12-mathematics-u05-l14.key.json,ACTIVE,math-production-materials
87,ma-g12-mathematics-u05-l15,active/packages/grade-12/ma-g12-mathematics-u05-l15.package.json,active/answer-keys/grade-12/ma-g12-mathematics-u05-l15.key.json,ACTIVE,math-production-materials
88,ma-g12-mathematics-u05-l16,active/packages/grade-12/ma-g12-mathematics-u05-l16.package.json,active/answer-keys/grade-12/ma-g12-mathematics-u05-l16.key.json,ACTIVE,math-production-materials
89,ma-g12-mathematics-u05-l17,active/packages/grade-12/ma-g12-mathematics-u05-l17.package.json,active/answer-keys/grade-12/ma-g12-mathematics-u05-l17.key.json,ACTIVE,math-production-materials
90,ma-g12-mathematics-u05-l18,active/packages/grade-12/ma-g12-mathematics-u05-l18.package.json,active/answer-keys/grade-12/ma-g12-mathematics-u05-l18.key.json,ACTIVE,math-production-materials
91,ma-g12-mathematics-u06-l01,active/packages/grade-12/ma-g12-mathematics-u06-l01.package.json,active/answer-keys/grade-12/ma-g12-mathematics-u06-l01.key.json,ACTIVE,math-production-materials
92,ma-g12-mathematics-u06-l02,active/packages/grade-12/ma-g12-mathematics-u06-l02.package.json,active/answer-keys/grade-12/ma-g12-mathematics-u06-l02.key.json,ACTIVE,math-production-materials
93,ma-g12-mathematics-u06-l03,active/packages/grade-12/ma-g12-mathematics-u06-l03.package.json,active/answer-keys/grade-12/ma-g12-mathematics-u06-l03.key.json,ACTIVE,math-production-materials
94,ma-g12-mathematics-u06-l04,active/packages/grade-12/ma-g12-mathematics-u06-l04.package.json,active/answer-keys/grade-12/ma-g12-mathematics-u06-l04.key.json,ACTIVE,math-production-materials
95,ma-g12-mathematics-u06-l05,active/packages/grade-12/ma-g12-mathematics-u06-l05.package.json,active/answer-keys/grade-12/ma-g12-mathematics-u06-l05.key.json,ACTIVE,math-production-materials
96,ma-g12-mathematics-u06-l06,active/packages/grade-12/ma-g12-mathematics-u06-l06.package.json,active/answer-keys/grade-12/ma-g12-mathematics-u06-l06.key.json,ACTIVE,math-production-materials
97,ma-g12-mathematics-u06-l07,active/packages/grade-12/ma-g12-mathematics-u06-l07.package.json,active/answer-keys/grade-12/ma-g12-mathematics-u06-l07.key.json,ACTIVE,math-production-materials
98,ma-g12-mathematics-u06-l08,active/packages/grade-12/ma-g12-mathematics-u06-l08.package.json,active/answer-keys/grade-12/ma-g12-mathematics-u06-l08.key.json,ACTIVE,math-production-materials
99,ma-g12-mathematics-u06-l09,active/packages/grade-12/ma-g12-mathematics-u06-l09.package.json,active/answer-keys/grade-12/ma-g12-mathematics-u06-l09.key.json,ACTIVE,math-production-materials
100,ma-g12-mathematics-u06-l10,active/packages/grade-12/ma-g12-mathematics-u06-l10.package.json,active/answer-keys/grade-12/ma-g12-mathematics-u06-l10.key.json,ACTIVE,math-production-materials
101,ma-g12-mathematics-u06-l11,active/packages/grade-12/ma-g12-mathematics-u06-l11.package.json,active/answer-keys/grade-12/ma-g12-mathematics-u06-l11.key.json,ACTIVE,math-production-materials
102,ma-g12-mathematics-u06-l12,active/packages/grade-12/ma-g12-mathematics-u06-l12.package.json,active/answer-keys/grade-12/ma-g12-mathematics-u06-l12.key.json,ACTIVE,math-production-materials
103,ma-g12-mathematics-u06-l13,active/packages/grade-12/ma-g12-mathematics-u06-l13.package.json,active/answer-keys/grade-12/ma-g12-mathematics-u06-l13.key.json,ACTIVE,math-production-materials
104,ma-g12-mathematics-u06-l14,active/packages/grade-12/ma-g12-mathematics-u06-l14.package.json,active/answer-keys/grade-12/ma-g12-mathematics-u06-l14.key.json,ACTIVE,math-production-materials
105,ma-g12-mathematics-u06-l15,active/packages/grade-12/ma-g12-mathematics-u06-l15.package.json,active/answer-keys/grade-12/ma-g12-mathematics-u06-l15.key.json,ACTIVE,math-production-materials
106,ma-g12-mathematics-u06-l16,active/packages/grade-12/ma-g12-mathematics-u06-l16.package.json,active/answer-keys/grade-12/ma-g12-mathematics-u06-l16.key.json,ACTIVE,math-production-materials
107,ma-g12-mathematics-u06-l17,active/packages/grade-12/ma-g12-mathematics-u06-l17.package.json,active/answer-keys/grade-12/ma-g12-mathematics-u06-l17.key.json,ACTIVE,math-production-materials
108,ma-g12-mathematics-u06-l18,active/packages/grade-12/ma-g12-mathematics-u06-l18.package.json,active/answer-keys/grade-12/ma-g12-mathematics-u06-l18.key.json,ACTIVE,math-production-materials
109,ma-g12-mathematics-u07-l01,active/packages/grade-12/ma-g12-mathematics-u07-l01.package.json,active/answer-keys/grade-12/ma-g12-mathematics-u07-l01.key.json,ACTIVE,math-production-materials
110,ma-g12-mathematics-u07-l02,active/packages/grade-12/ma-g12-mathematics-u07-l02.package.json,active/answer-keys/grade-12/ma-g12-mathematics-u07-l02.key.json,ACTIVE,math-production-materials
111,ma-g12-mathematics-u07-l03,active/packages/grade-12/ma-g12-mathematics-u07-l03.package.json,active/answer-keys/grade-12/ma-g12-mathematics-u07-l03.key.json,ACTIVE,math-production-materials
112,ma-g12-mathematics-u07-l04,active/packages/grade-12/ma-g12-mathematics-u07-l04.package.json,active/answer-keys/grade-12/ma-g12-mathematics-u07-l04.key.json,ACTIVE,math-production-materials
113,ma-g12-mathematics-u07-l05,active/packages/grade-12/ma-g12-mathematics-u07-l05.package.json,active/answer-keys/grade-12/ma-g12-mathematics-u07-l05.key.json,ACTIVE,math-production-materials
114,ma-g12-mathematics-u07-l06,active/packages/grade-12/ma-g12-mathematics-u07-l06.package.json,active/answer-keys/grade-12/ma-g12-mathematics-u07-l06.key.json,ACTIVE,math-production-materials
115,ma-g12-mathematics-u07-l07,active/packages/grade-12/ma-g12-mathematics-u07-l07.package.json,active/answer-keys/grade-12/ma-g12-mathematics-u07-l07.key.json,ACTIVE,math-production-materials
116,ma-g12-mathematics-u07-l08,active/packages/grade-12/ma-g12-mathematics-u07-l08.package.json,active/answer-keys/grade-12/ma-g12-mathematics-u07-l08.key.json,ACTIVE,math-production-materials
117,ma-g12-mathematics-u07-l09,active/packages/grade-12/ma-g12-mathematics-u07-l09.package.json,active/answer-keys/grade-12/ma-g12-mathematics-u07-l09.key.json,ACTIVE,math-production-materials
118,ma-g12-mathematics-u07-l10,active/packages/grade-12/ma-g12-mathematics-u07-l10.package.json,active/answer-keys/grade-12/ma-g12-mathematics-u07-l10.key.json,ACTIVE,math-production-materials
119,ma-g12-mathematics-u07-l11,active/packages/grade-12/ma-g12-mathematics-u07-l11.package.json,active/answer-keys/grade-12/ma-g12-mathematics-u07-l11.key.json,ACTIVE,math-production-materials
120,ma-g12-mathematics-u07-l12,active/packages/grade-12/ma-g12-mathematics-u07-l12.package.json,active/answer-keys/grade-12/ma-g12-mathematics-u07-l12.key.json,ACTIVE,math-production-materials
121,ma-g12-mathematics-u07-l13,active/packages/grade-12/ma-g12-mathematics-u07-l13.package.json,active/answer-keys/grade-12/ma-g12-mathematics-u07-l13.key.json,ACTIVE,math-production-materials
122,ma-g12-mathematics-u07-l14,active/packages/grade-12/ma-g12-mathematics-u07-l14.package.json,active/answer-keys/grade-12/ma-g12-mathematics-u07-l14.key.json,ACTIVE,math-production-materials
123,ma-g12-mathematics-u07-l15,active/packages/grade-12/ma-g12-mathematics-u07-l15.package.json,active/answer-keys/grade-12/ma-g12-mathematics-u07-l15.key.json,ACTIVE,math-production-materials
124,ma-g12-mathematics-u07-l16,active/packages/grade-12/ma-g12-mathematics-u07-l16.package.json,active/answer-keys/grade-12/ma-g12-mathematics-u07-l16.key.json,ACTIVE,math-production-materials
125,ma-g12-mathematics-u07-l17,active/packages/grade-12/ma-g12-mathematics-u07-l17.package.json,active/answer-keys/grade-12/ma-g12-mathematics-u07-l17.key.json,ACTIVE,math-production-materials
126,ma-g12-mathematics-u07-l18,active/packages/grade-12/ma-g12-mathematics-u07-l18.package.json,active/answer-keys/grade-12/ma-g12-mathematics-u07-l18.key.json,ACTIVE,math-production-materials
127,ma-g12-mathematics-u08-l01,active/packages/grade-12/ma-g12-mathematics-u08-l01.package.json,active/answer-keys/grade-12/ma-g12-mathematics-u08-l01.key.json,ACTIVE,math-production-materials
128,ma-g12-mathematics-u08-l02,active/packages/grade-12/ma-g12-mathematics-u08-l02.package.json,active/answer-keys/grade-12/ma-g12-mathematics-u08-l02.key.json,ACTIVE,math-production-materials
129,ma-g12-mathematics-u08-l03,active/packages/grade-12/ma-g12-mathematics-u08-l03.package.json,active/answer-keys/grade-12/ma-g12-mathematics-u08-l03.key.json,ACTIVE,math-production-materials
130,ma-g12-mathematics-u08-l04,active/packages/grade-12/ma-g12-mathematics-u08-l04.package.json,active/answer-keys/grade-12/ma-g12-mathematics-u08-l04.key.json,ACTIVE,math-production-materials
131,ma-g12-mathematics-u08-l05,active/packages/grade-12/ma-g12-mathematics-u08-l05.package.json,active/answer-keys/grade-12/ma-g12-mathematics-u08-l05.key.json,ACTIVE,math-production-materials
132,ma-g12-mathematics-u08-l06,active/packages/grade-12/ma-g12-mathematics-u08-l06.package.json,active/answer-keys/grade-12/ma-g12-mathematics-u08-l06.key.json,ACTIVE,math-production-materials
133,ma-g12-mathematics-u08-l07,active/packages/grade-12/ma-g12-mathematics-u08-l07.package.json,active/answer-keys/grade-12/ma-g12-mathematics-u08-l07.key.json,ACTIVE,math-production-materials
134,ma-g12-mathematics-u08-l08,active/packages/grade-12/ma-g12-mathematics-u08-l08.package.json,active/answer-keys/grade-12/ma-g12-mathematics-u08-l08.key.json,ACTIVE,math-production-materials
135,ma-g12-mathematics-u08-l09,active/packages/grade-12/ma-g12-mathematics-u08-l09.package.json,active/answer-keys/grade-12/ma-g12-mathematics-u08-l09.key.json,ACTIVE,math-production-materials
136,ma-g12-mathematics-u08-l10,active/packages/grade-12/ma-g12-mathematics-u08-l10.package.json,active/answer-keys/grade-12/ma-g12-mathematics-u08-l10.key.json,ACTIVE,math-production-materials
137,ma-g12-mathematics-u08-l11,active/packages/grade-12/ma-g12-mathematics-u08-l11.package.json,active/answer-keys/grade-12/ma-g12-mathematics-u08-l11.key.json,ACTIVE,math-production-materials
138,ma-g12-mathematics-u08-l12,active/packages/grade-12/ma-g12-mathematics-u08-l12.package.json,active/answer-keys/grade-12/ma-g12-mathematics-u08-l12.key.json,ACTIVE,math-production-materials
139,ma-g12-mathematics-u08-l13,active/packages/grade-12/ma-g12-mathematics-u08-l13.package.json,active/answer-keys/grade-12/ma-g12-mathematics-u08-l13.key.json,ACTIVE,math-production-materials
140,ma-g12-mathematics-u08-l14,active/packages/grade-12/ma-g12-mathematics-u08-l14.package.json,active/answer-keys/grade-12/ma-g12-mathematics-u08-l14.key.json,ACTIVE,math-production-materials
141,ma-g12-mathematics-u08-l15,active/packages/grade-12/ma-g12-mathematics-u08-l15.package.json,active/answer-keys/grade-12/ma-g12-mathematics-u08-l15.key.json,ACTIVE,math-production-materials
142,ma-g12-mathematics-u08-l16,active/packages/grade-12/ma-g12-mathematics-u08-l16.package.json,active/answer-keys/grade-12/ma-g12-mathematics-u08-l16.key.json,ACTIVE,math-production-materials
143,ma-g12-mathematics-u08-l17,active/packages/grade-12/ma-g12-mathematics-u08-l17.package.json,active/answer-keys/grade-12/ma-g12-mathematics-u08-l17.key.json,ACTIVE,math-production-materials
144,ma-g12-mathematics-u08-l18,active/packages/grade-12/ma-g12-mathematics-u08-l18.package.json,active/answer-keys/grade-12/ma-g12-mathematics-u08-l18.key.json,ACTIVE,math-production-materials
145,ma-g12-mathematics-u09-l01,active/packages/grade-12/ma-g12-mathematics-u09-l01.package.json,active/answer-keys/grade-12/ma-g12-mathematics-u09-l01.key.json,ACTIVE,math-production-materials
146,ma-g12-mathematics-u09-l02,active/packages/grade-12/ma-g12-mathematics-u09-l02.package.json,active/answer-keys/grade-12/ma-g12-mathematics-u09-l02.key.json,ACTIVE,math-production-materials
147,ma-g12-mathematics-u09-l03,active/packages/grade-12/ma-g12-mathematics-u09-l03.package.json,active/answer-keys/grade-12/ma-g12-mathematics-u09-l03.key.json,ACTIVE,math-production-materials
148,ma-g12-mathematics-u09-l04,active/packages/grade-12/ma-g12-mathematics-u09-l04.package.json,active/answer-keys/grade-12/ma-g12-mathematics-u09-l04.key.json,ACTIVE,math-production-materials
149,ma-g12-mathematics-u09-l05,active/packages/grade-12/ma-g12-mathematics-u09-l05.package.json,active/answer-keys/grade-12/ma-g12-mathematics-u09-l05.key.json,ACTIVE,math-production-materials
150,ma-g12-mathematics-u09-l06,active/packages/grade-12/ma-g12-mathematics-u09-l06.package.json,active/answer-keys/grade-12/ma-g12-mathematics-u09-l06.key.json,ACTIVE,math-production-materials
151,ma-g12-mathematics-u09-l07,active/packages/grade-12/ma-g12-mathematics-u09-l07.package.json,active/answer-keys/grade-12/ma-g12-mathematics-u09-l07.key.json,ACTIVE,math-production-materials
152,ma-g12-mathematics-u09-l08,active/packages/grade-12/ma-g12-mathematics-u09-l08.package.json,active/answer-keys/grade-12/ma-g12-mathematics-u09-l08.key.json,ACTIVE,math-production-materials
153,ma-g12-mathematics-u09-l09,active/packages/grade-12/ma-g12-mathematics-u09-l09.package.json,active/answer-keys/grade-12/ma-g12-mathematics-u09-l09.key.json,ACTIVE,math-production-materials
154,ma-g12-mathematics-u09-l10,active/packages/grade-12/ma-g12-mathematics-u09-l10.package.json,active/answer-keys/grade-12/ma-g12-mathematics-u09-l10.key.json,ACTIVE,math-production-materials
155,ma-g12-mathematics-u09-l11,active/packages/grade-12/ma-g12-mathematics-u09-l11.package.json,active/answer-keys/grade-12/ma-g12-mathematics-u09-l11.key.json,ACTIVE,math-production-materials
156,ma-g12-mathematics-u09-l12,active/packages/grade-12/ma-g12-mathematics-u09-l12.package.json,active/answer-keys/grade-12/ma-g12-mathematics-u09-l12.key.json,ACTIVE,math-production-materials
157,ma-g12-mathematics-u09-l13,active/packages/grade-12/ma-g12-mathematics-u09-l13.package.json,active/answer-keys/grade-12/ma-g12-mathematics-u09-l13.key.json,ACTIVE,math-production-materials
158,ma-g12-mathematics-u09-l14,active/packages/grade-12/ma-g12-mathematics-u09-l14.package.json,active/answer-keys/grade-12/ma-g12-mathematics-u09-l14.key.json,ACTIVE,math-production-materials
159,ma-g12-mathematics-u09-l15,active/packages/grade-12/ma-g12-mathematics-u09-l15.package.json,active/answer-keys/grade-12/ma-g12-mathematics-u09-l15.key.json,ACTIVE,math-production-materials
160,ma-g12-mathematics-u09-l16,active/packages/grade-12/ma-g12-mathematics-u09-l16.package.json,active/answer-keys/grade-12/ma-g12-mathematics-u09-l16.key.json,ACTIVE,math-production-materials
161,ma-g12-mathematics-u09-l17,active/packages/grade-12/ma-g12-mathematics-u09-l17.package.json,active/answer-keys/grade-12/ma-g12-mathematics-u09-l17.key.json,ACTIVE,math-production-materials
162,ma-g12-mathematics-u09-l18,active/packages/grade-12/ma-g12-mathematics-u09-l18.package.json,active/answer-keys/grade-12/ma-g12-mathematics-u09-l18.key.json,ACTIVE,math-production-materials
163,ma-g12-mathematics-u10-l01,active/packages/grade-12/ma-g12-mathematics-u10-l01.package.json,active/answer-keys/grade-12/ma-g12-mathematics-u10-l01.key.json,ACTIVE,math-production-materials
164,ma-g12-mathematics-u10-l02,active/packages/grade-12/ma-g12-mathematics-u10-l02.package.json,active/answer-keys/grade-12/ma-g12-mathematics-u10-l02.key.json,ACTIVE,math-production-materials
165,ma-g12-mathematics-u10-l03,active/packages/grade-12/ma-g12-mathematics-u10-l03.package.json,active/answer-keys/grade-12/ma-g12-mathematics-u10-l03.key.json,ACTIVE,math-production-materials
166,ma-g12-mathematics-u10-l04,active/packages/grade-12/ma-g12-mathematics-u10-l04.package.json,active/answer-keys/grade-12/ma-g12-mathematics-u10-l04.key.json,ACTIVE,math-production-materials
167,ma-g12-mathematics-u10-l05,active/packages/grade-12/ma-g12-mathematics-u10-l05.package.json,active/answer-keys/grade-12/ma-g12-mathematics-u10-l05.key.json,ACTIVE,math-production-materials
168,ma-g12-mathematics-u10-l06,active/packages/grade-12/ma-g12-mathematics-u10-l06.package.json,active/answer-keys/grade-12/ma-g12-mathematics-u10-l06.key.json,ACTIVE,math-production-materials
169,ma-g12-mathematics-u10-l07,active/packages/grade-12/ma-g12-mathematics-u10-l07.package.json,active/answer-keys/grade-12/ma-g12-mathematics-u10-l07.key.json,ACTIVE,math-production-materials
170,ma-g12-mathematics-u10-l08,active/packages/grade-12/ma-g12-mathematics-u10-l08.package.json,active/answer-keys/grade-12/ma-g12-mathematics-u10-l08.key.json,ACTIVE,math-production-materials
171,ma-g12-mathematics-u10-l09,active/packages/grade-12/ma-g12-mathematics-u10-l09.package.json,active/answer-keys/grade-12/ma-g12-mathematics-u10-l09.key.json,ACTIVE,math-production-materials
172,ma-g12-mathematics-u10-l10,active/packages/grade-12/ma-g12-mathematics-u10-l10.package.json,active/answer-keys/grade-12/ma-g12-mathematics-u10-l10.key.json,ACTIVE,math-production-materials
173,ma-g12-mathematics-u10-l11,active/packages/grade-12/ma-g12-mathematics-u10-l11.package.json,active/answer-keys/grade-12/ma-g12-mathematics-u10-l11.key.json,ACTIVE,math-production-materials
174,ma-g12-mathematics-u10-l12,active/packages/grade-12/ma-g12-mathematics-u10-l12.package.json,active/answer-keys/grade-12/ma-g12-mathematics-u10-l12.key.json,ACTIVE,math-production-materials
175,ma-g12-mathematics-u10-l13,active/packages/grade-12/ma-g12-mathematics-u10-l13.package.json,active/answer-keys/grade-12/ma-g12-mathematics-u10-l13.key.json,ACTIVE,math-production-materials
176,ma-g12-mathematics-u10-l14,active/packages/grade-12/ma-g12-mathematics-u10-l14.package.json,active/answer-keys/grade-12/ma-g12-mathematics-u10-l14.key.json,ACTIVE,math-production-materials
177,ma-g12-mathematics-u10-l15,active/packages/grade-12/ma-g12-mathematics-u10-l15.package.json,active/answer-keys/grade-12/ma-g12-mathematics-u10-l15.key.json,ACTIVE,math-production-materials
178,ma-g12-mathematics-u10-l16,active/packages/grade-12/ma-g12-mathematics-u10-l16.package.json,active/answer-keys/grade-12/ma-g12-mathematics-u10-l16.key.json,ACTIVE,math-production-materials
179,ma-g12-mathematics-u10-l17,active/packages/grade-12/ma-g12-mathematics-u10-l17.package.json,active/answer-keys/grade-12/ma-g12-mathematics-u10-l17.key.json,ACTIVE,math-production-materials
180,ma-g12-mathematics-u10-l18,active/packages/grade-12/ma-g12-mathematics-u10-l18.package.json,active/answer-keys/grade-12/ma-g12-mathematics-u10-l18.key.json,ACTIVE,math-production-materials
